id,title,original_title,overview,release_date,popularity,vote_average,vote_count,genre_ids,original_language,adult,poster_path,backdrop_path,category,genre_names,release_year,rating_category,popularity_rank,poster_url,extracted_at
83533,Avatar: Fire and Ash,Avatar: Fire and Ash,"In the wake of the devastating war against the RDA and the loss of their eldest son, Jake Sully and Neytiri face a new threat on Pandora: the Ash People, a violent and power-hungry Na'vi tribe led by the ruthless Varang. Jake's family must fight for their survival and the future of Pandora in a conflict that pushes them to their emotional and physical limits.",2025-12-17,566.3934,7.386,798,"[878, 12, 14]",en,False,/g96wHxU7EnoIFwemb2RgohIXrgW.jpg,/iN41Ccw4DctL8npfmYg1j5Tr1eb.jpg,"popular,trending","Science Fiction,Adventure,Fantasy",2025,Good,1,https://image.tmdb.org/t/p/w500/g96wHxU7EnoIFwemb2RgohIXrgW.jpg,2025-12-29T10:41:50.536983
1511417,Bāhubali: The Epic,బాహుబలి: ది ఎపిక్,"When a mysterious child is found by a tribal couple near a roaring waterfall, they raise him as their own. As he grows, Sivudu is drawn to the world beyond the cliffs, where he discovers the ancient kingdom of Mahishmati, ruled by a cruel tyrant, haunted by rebellion, and bound to his past. What begins as a quest for love soon unravels a legacy of betrayal, sacrifice, and a forgotten prince.",2025-10-29,423.4017,7.6,9,"[28, 18]",te,False,/4sLSorDKKDN944kWngxgQlpdDeg.jpg,/j8WzzoAJn5LrKpgFTe1gaQVTj8z.jpg,popular,"Action,Drama",2025,Excellent,2,https://image.tmdb.org/t/p/w500/4sLSorDKKDN944kWngxgQlpdDeg.jpg,2025-12-29T10:41:50.536983
982843,The Great Flood,대홍수,"When a raging flood traps a researcher and her young son, a call to a crucial mission puts their escape — and the future of humanity — on the line.",2025-09-18,356.2063,6.184,315,"[878, 12, 18]",ko,False,/1tUOZQDgZaGqZtrB21MieiXARL2.jpg,/6iXTBfCzWKlFCmHxu5oaeZ3an9G.jpg,"popular,trending","Science Fiction,Adventure,Drama",2025,Good,5,https://image.tmdb.org/t/p/w500/1tUOZQDgZaGqZtrB21MieiXARL2.jpg,2025-12-29T10:41:50.536983
1084242,Zootopia 2,Zootopia 2,"After cracking the biggest case in Zootopia's history, rookie cops Judy Hopps and Nick Wilde find themselves on the twisting trail of a great mystery when Gary De'Snake arrives and turns the animal metropolis upside down. To crack the case, Judy and Nick must go undercover to unexpected new parts of town, where their growing partnership is tested like never before.",2025-11-26,389.5293,7.6,794,"[16, 35, 12, 10751, 9648]",en,False,/oJ7g2CifqpStmoYQyaLQgEU32qO.jpg,/7nfpkR9XsQ1lBNCXSSHxGV7Dkxe.jpg,"popular,trending","Animation,Comedy,Adventure,Family,Mystery",2025,Excellent,3,https://image.tmdb.org/t/p/w500/oJ7g2CifqpStmoYQyaLQgEU32qO.jpg,2025-12-29T10:41:50.536983
1228246,Five Nights at Freddy's 2,Five Nights at Freddy's 2,"One year since the supernatural nightmare at Freddy Fazbear's Pizza, the stories about what transpired there have been twisted into a campy local legend, inspiring the town's first ever Fazfest. With the truth kept from her, Abby sneaks out to reconnect with Freddy, Bonnie, Chica, and Foxy, setting into motion a terrifying series of events that will reveal dark secrets about the real origin of Freddy's, and unleash a decades-hidden horror.",2025-12-03,382.4791,6.888,405,"[27, 53]",en,False,/udAxQEORq2I5wxI97N2TEqdhzBE.jpg,/54BOXpX2ieTXMDzHymdDMnUIzYG.jpg,"popular,trending","Horror,Thriller",2025,Good,4,https://image.tmdb.org/t/p/w500/udAxQEORq2I5wxI97N2TEqdhzBE.jpg,2025-12-29T10:41:50.536983
1512623,Risqué,Risqué,"Fired from a strip club, a vengeful dancer masterminds a high-stakes heist with fellow strippers to take down the corrupt boss and the men who underestimate them.",2025-08-01,283.7352,4.3,5,"[28, 80, 53]",en,False,/h6OsRrDwbspLnKMvlFl57QFDP7d.jpg,/novE5UrqfLIFEMe5QBnjm18GG4E.jpg,popular,"Action,Crime,Thriller",2025,Average,6,https://image.tmdb.org/t/p/w500/h6OsRrDwbspLnKMvlFl57QFDP7d.jpg,2025-12-29T10:41:50.536983
425274,Now You See Me: Now You Don't,Now You See Me: Now You Don't,"The original Four Horsemen reunite with a new generation of illusionists to take on powerful diamond heiress Veronika Vanderberg, who leads a criminal empire built on money laundering and trafficking. The new and old magicians must overcome their differences to work together on their most ambitious heist yet.",2025-11-12,265.7944,6.543,679,"[53, 80, 9648]",en,False,/oD3Eey4e4Z259XLm3eD3WGcoJAh.jpg,/dHSz0tSFuO2CsXJ1CApSauP9Ncl.jpg,"popular,trending","Thriller,Crime,Mystery",2025,Good,8,https://image.tmdb.org/t/p/w500/oD3Eey4e4Z259XLm3eD3WGcoJAh.jpg,2025-12-29T10:41:50.536983
1439112,Muzzle: City of Wolves,Muzzle: City of Wolves,"LAPD officer Jake Rosser endeavors to lead a peaceful life with his family and retired K-9 officer, Socks. However, tranquility dissolves into chaos when a gang targets them in a brutal attack. Alongside his new K-9 partner Argos, Jake launches into a relentless pursuit of justice, determined to protect his loved ones.",2025-11-13,267.7385,6.889,54,"[28, 53, 9648]",en,False,/8qTMRmC07XCGidnKQFLbRM3FoDU.jpg,/ncI1PlBcANixIkgQSnjsSRz4OyT.jpg,"popular,trending","Action,Thriller,Mystery",2025,Good,7,https://image.tmdb.org/t/p/w500/8qTMRmC07XCGidnKQFLbRM3FoDU.jpg,2025-12-29T10:41:50.536983
1247002,The Old Woman with the Knife,파과,"Aging assassin Hornclaw has seen it all, but she never expected to mentor a reckless rookie like Bullfight. As their unlikely bond deepens, cracks form in the underworld they navigate together. When Hornclaw discovers someone wants her dead, she's thrust into a deadly game of deception. With enemies closing in and trust in short supply, survival means staying sharp—both blade and mind.",2025-04-30,264.2672,6.56,42,"[28, 9648, 18]",ko,False,/wbmxnsv41vsg5UEaNDlf203dOWw.jpg,/fepnF3W4VP3s8ui8nDtrlsFVYwO.jpg,popular,"Action,Mystery,Drama",2025,Good,9,https://image.tmdb.org/t/p/w500/wbmxnsv41vsg5UEaNDlf203dOWw.jpg,2025-12-29T10:41:50.536983
755898,War of the Worlds,War of the Worlds,"Will Radford is a top analyst for Homeland Security who tracks potential threats through a mass surveillance program, until one day an attack by an unknown entity leads him to question whether the government is hiding something from him... and from the rest of the world.",2025-07-29,202.3062,4.24,801,"[878, 53]",en,False,/yvirUYrva23IudARHn3mMGVxWqM.jpg,/iZLqwEwUViJdSkGVjePGhxYzbDb.jpg,popular,"Science Fiction,Thriller",2025,Average,11,https://image.tmdb.org/t/p/w500/yvirUYrva23IudARHn3mMGVxWqM.jpg,2025-12-29T10:41:50.536983
1223601,Sisu: Road to Revenge,Sisu 2,"Returning to the house where his family was brutally murdered during the war, ‘the man who refuses to die’ dismantles it, loads it on a truck, and is determined to rebuild it somewhere safe in their honor. When the commander who killed his family comes back hellbent on finishing the job, a relentless, eye-popping cross-country chase ensues.",2025-10-21,191.548,7.518,339,"[28, 10752]",fi,False,/jNsttCWZyPtW66MjhUozBzVsRb7.jpg,/yCatt8lmp3oRFEcOZF8KHhsiASQ.jpg,"popular,trending","Action,War",2025,Excellent,12,https://image.tmdb.org/t/p/w500/jNsttCWZyPtW66MjhUozBzVsRb7.jpg,2025-12-29T10:41:50.536983
1336189,Delivery Run,Delivery Run,"A food delivery driver gets caught in a deadly chase in the icy Minnesota wilderness, pursued by a crazed snowplow driver for unknown reasons, facing life-threatening situations and forced to outsmart his relentless pursuer alone.",2025-09-10,162.7994,5.5,22,"[28, 53]",en,False,/eCA5maHDlZtXNTtiLXenwnEw7tc.jpg,/hvut2slhhgJ31UNa9Df7jFfAS0x.jpg,popular,"Action,Thriller",2025,Average,14,https://image.tmdb.org/t/p/w500/eCA5maHDlZtXNTtiLXenwnEw7tc.jpg,2025-12-29T10:41:50.536983
1013446,Reflection in a Dead Diamond,Reflet dans un diamant mort,"When the mysterious woman in the room next door disappears, a debonair 70-year-old ex-spy living in a luxury hotel on the Côte d'Azur is confronted by the demons and darlings of a lurid past in which moviemaking, memories and madness collide.",2025-06-25,136.0175,5.95,50,"[28, 53, 9648]",fr,False,/5CdRxBu7jRDHjthkAL8vE0GdKUD.jpg,/AePlQ3osZShJmbNj8tzQ3NoMTQF.jpg,popular,"Action,Thriller,Mystery",2025,Average,18,https://image.tmdb.org/t/p/w500/5CdRxBu7jRDHjthkAL8vE0GdKUD.jpg,2025-12-29T10:41:50.536983
1195518,The Unholy Trinity,The Unholy Trinity,"Set against the turbulent backdrop of 1870s Montana, in the moments before the execution of Isaac Broadway, he gives his estranged son, Henry, an impossible task: murder the man who framed him for a crime he didn’t commit. Intent on fulfilling his promise, Henry travels to the remote town of Trinity, where an unexpected turn of events traps him in town and leaves him caught between Gabriel Dove, the town’s upstanding new sheriff, and a mysterious figure named St. Christopher.",2025-06-13,149.7805,6.2,106,"[37, 12, 80]",en,False,/waU3o5qRPNA9bIC59DIsDppll11.jpg,/hyc9gq0Oq5THKak7tB7oqC2Rd6z.jpg,popular,"Western,Adventure,Crime",2025,Good,15,https://image.tmdb.org/t/p/w500/waU3o5qRPNA9bIC59DIsDppll11.jpg,2025-12-29T10:41:50.536983
1491902,Bang,ปัง,"Follows a ruthless hitman who, after narrowly escaping a fatal attempt on his life, betrays his gang in an effort to find forgiveness but ends up becoming a target himself.",2025-07-11,149.2188,6.5,23,"[28, 53]",th,False,/8SUzKOqe2ectvhYdSnR7Vq2F3n1.jpg,/x3s2lEGNguUnQ5YH3Goq7Ud7Lcn.jpg,popular,"Action,Thriller",2025,Good,16,https://image.tmdb.org/t/p/w500/8SUzKOqe2ectvhYdSnR7Vq2F3n1.jpg,2025-12-29T10:41:50.536983
1419406,The Shadow's Edge,捕风追影,Macau Police brings the tracking expert police officer out of retirement to help catch a dangerous group of professional thieves.,2025-08-16,137.8144,6.646,182,"[28, 80, 53]",zh,False,/e0RU6KpdnrqFxDKlI3NOqN8nHL6.jpg,/4BtL2vvEufDXDP4u6xQjjQ1Y2aT.jpg,"popular,trending","Action,Crime,Thriller",2025,Good,17,https://image.tmdb.org/t/p/w500/e0RU6KpdnrqFxDKlI3NOqN8nHL6.jpg,2025-12-29T10:41:50.536983
76600,Avatar: The Way of Water,Avatar: The Way of Water,"Set more than a decade after the events of the first film, learn the story of the Sully family (Jake, Neytiri, and their kids), the trouble that follows them, the lengths they go to keep each other safe, the battles they fight to stay alive, and the tragedies they endure.",2022-12-14,132.808,7.606,13312,"[28, 12, 878]",en,False,/t6HIqrRAclMCA60NsSmeqe9RmNV.jpg,/cd8YDn7M0lfaHhZdU6MvCDxPalP.jpg,"popular,trending","Action,Adventure,Science Fiction",2022,Excellent,20,https://image.tmdb.org/t/p/w500/t6HIqrRAclMCA60NsSmeqe9RmNV.jpg,2025-12-29T10:41:50.536983
1196067,Worldbreaker,Worldbreaker,"Five years ago, a tear in the fabric of reality brought creatures to our world from an alternate dimension bent on our destruction. A father hides his daughter on an island to keep her safe while he prepares her for survival and the battles to come. But when the world is about to break, no place is safe.",2025-10-30,134.169,5.9,34,"[878, 28]",en,False,/7K8w6mdrJp0oaSoKWGyjSZ4Zv2z.jpg,/4mZ06VpfpAPuaUPn1SEV0brbbxe.jpg,popular,"Science Fiction,Action",2025,Average,19,https://image.tmdb.org/t/p/w500/7K8w6mdrJp0oaSoKWGyjSZ4Zv2z.jpg,2025-12-29T10:41:50.536983
1131759,Omniscient Reader: The Prophecy,전지적 독자 시점,"Kim Dok-ja, an ordinary man in his 20s, is the only reader of an obscure web novel titled ""Three Ways to Survive the Apocalypse"". After having read the last chapter, the novel suddenly becomes reality, and its omnipotent hero Yu Jung-hyeok appears before Kim. As the only person who knows how to survive in this world, Kim and his companions strive to save the world by writing his own, new ending.",2025-07-23,236.2393,6.671,38,"[28, 12, 14]",ko,False,/3R3dXO2nm8JyR5NG7SEfii7RzlV.jpg,/fP6L6V42980QmuoyyGXCmWphwpT.jpg,popular,"Action,Adventure,Fantasy",2025,Good,10,https://image.tmdb.org/t/p/w500/3R3dXO2nm8JyR5NG7SEfii7RzlV.jpg,2025-12-29T10:41:50.536983
798645,The Running Man,The Running Man,"Desperate to save his sick daughter, working-class Ben Richards is convinced by The Running Man's charming but ruthless producer to enter the deadly competition game as a last resort. But Ben's defiance, instincts, and grit turn him into an unexpected fan favorite — and a threat to the entire system. As ratings skyrocket, so does the danger, and Ben must outwit not just the Hunters, but a nation addicted to watching him fall.",2025-11-11,125.7688,6.838,797,"[28, 53, 878]",en,False,/dKL78O9zxczVgjtNcQ9UkbYLzqX.jpg,/aHj7d7wSLqrg5cjAcgHhiGr97Ih.jpg,"popular,trending","Action,Thriller,Science Fiction",2025,Good,22,https://image.tmdb.org/t/p/w500/dKL78O9zxczVgjtNcQ9UkbYLzqX.jpg,2025-12-29T10:41:50.536983
812583,Wake Up Dead Man: A Knives Out Mystery,Wake Up Dead Man: A Knives Out Mystery,"When young priest Jud Duplenticy is sent to assist charismatic firebrand Monsignor Jefferson Wicks, it’s clear that all is not well in the pews. After a sudden and seemingly impossible murder rocks the town, the lack of an obvious suspect prompts local police chief Geraldine Scott to join forces with renowned detective Benoit Blanc to unravel a mystery that defies all logic.",2025-11-26,125.5285,7.2,1263,"[53, 9648, 35]",en,False,/qCOGGi8JBVEZMc3DVby8rUivyXz.jpg,/fiRDzpcJe7qz3yIR43hdXIE3NHv.jpg,"popular,trending","Thriller,Mystery,Comedy",2025,Good,23,https://image.tmdb.org/t/p/w500/qCOGGi8JBVEZMc3DVby8rUivyXz.jpg,2025-12-29T10:41:50.536983
1242898,Predator: Badlands,Predator: Badlands,"Cast out from his clan, a young Predator finds an unlikely ally in a damaged android and embarks on a treacherous journey in search of the ultimate adversary.",2025-11-05,124.7489,7.3,703,"[28, 878, 12]",en,False,/ef2QSeBkrYhAdfsWGXmp0lvH0T1.jpg,/ebyxeBh56QNXxSJgTnmz7fXAlwk.jpg,"popular,trending","Action,Science Fiction,Adventure",2025,Good,24,https://image.tmdb.org/t/p/w500/ef2QSeBkrYhAdfsWGXmp0lvH0T1.jpg,2025-12-29T10:41:50.536983
533533,TRON: Ares,TRON: Ares,"A highly sophisticated Program called Ares is sent from the digital world into the real world on a dangerous mission, marking humankind's first encounter with A.I. beings.",2025-10-08,127.4451,6.591,836,"[878, 12, 28]",en,False,/chpWmskl3aKm1aTZqUHRCtviwPy.jpg,/min9ZUDZbiguTiQ7yz1Hbqk78HT.jpg,"popular,trending","Science Fiction,Adventure,Action",2025,Good,21,https://image.tmdb.org/t/p/w500/chpWmskl3aKm1aTZqUHRCtviwPy.jpg,2025-12-29T10:41:50.536983
19995,Avatar,Avatar,"In the 22nd century, a paraplegic Marine is dispatched to the moon Pandora on a unique mission, but becomes torn between following orders and protecting an alien civilization.",2009-12-16,121.732,7.598,33068,"[28, 12, 14, 878]",en,False,/gKY6q7SjCkAU6FqvqWybDYgUKIF.jpg,/7JNzw1tSZZEgsBw6lu0VfO2X2Ef.jpg,"popular,trending","Action,Adventure,Fantasy,Science Fiction",2009,Excellent,25,https://image.tmdb.org/t/p/w500/gKY6q7SjCkAU6FqvqWybDYgUKIF.jpg,2025-12-29T10:41:50.536983
1103437,Please Don't Feed the Children,Please Don't Feed the Children,"After a viral outbreak ravaged the country’s adult population, a group of orphans heads south in search of a new life, only to find themselves at the mercy of a deranged woman harboring a dangerous secret.",2025-07-03,118.0062,6.197,38,"[27, 53]",en,False,/GoIIdrjmXo587L2s2mqgMFvBIs.jpg,/laHzfWJNkspyWGZ8wmKEQ8fO07A.jpg,popular,"Horror,Thriller",2025,Good,28,https://image.tmdb.org/t/p/w500/GoIIdrjmXo587L2s2mqgMFvBIs.jpg,2025-12-29T10:41:50.536983
1259102,Eternity,Eternity,"In an afterlife where souls have one week to decide where to spend eternity, Joan is faced with the impossible choice between the man she spent her life with and her first love, who died young and has waited decades for her to arrive.",2025-11-26,118.0375,7.0,173,"[10749, 35, 18, 14]",en,False,/o8pg20G67BGmQvRkXwstNre062J.jpg,/fuacZLpnohQtLD0AhtCErcPVL98.jpg,"popular,trending","Romance,Comedy,Drama,Fantasy",2025,Good,27,https://image.tmdb.org/t/p/w500/o8pg20G67BGmQvRkXwstNre062J.jpg,2025-12-29T10:41:50.536983
1234731,Anaconda,Anaconda,"A group of friends facing mid-life crises head to the rainforest with the intention of remaking their favorite movie from their youth, only to find themselves in a fight for their lives against natural disasters, giant snakes and violent criminals.",2025-12-24,106.8839,6.602,54,"[12, 35, 27]",en,False,/5MDnvvkOqthhE5gQebzkcOhD1p5.jpg,/yo41R39airbREp0PYfG30Ofxtgt.jpg,"popular,trending","Adventure,Comedy,Horror",2025,Good,29,https://image.tmdb.org/t/p/w500/5MDnvvkOqthhE5gQebzkcOhD1p5.jpg,2025-12-29T10:41:50.536983
1387382,Hunting Season,Hunting Season,"When a reclusive survivalist and his daughter rescue a mysterious, wounded woman from a river, they become entangled in a deadly web of violence and revenge, forcing them to confront a brutal criminal to survive.",2025-12-05,104.3025,7.169,77,"[28, 18, 53]",en,False,/cbryTyaWdqrKpQCw6K7zm2jrB5v.jpg,/eJ0HooOOD1uzI39CfOQNWIiWKlJ.jpg,popular,"Action,Drama,Thriller",2025,Good,30,https://image.tmdb.org/t/p/w500/cbryTyaWdqrKpQCw6K7zm2jrB5v.jpg,2025-12-29T10:41:50.536983
1137179,Yadang: The Snitch,야당,"Navigating both the criminal underworld and law enforcement agencies, professional snitches called ""yadang"" provide covert information about the drug world to prosecutors and police. When a drug bust at a party attended by high-profile second-generation VIPs entangles those involved into a dangerous conspiracy, a seasoned yadang must do everything in his power not just to make it out on top, but alive.",2025-04-16,165.0666,7.038,26,"[80, 28, 35, 18, 53]",ko,False,/y7dsDbG8zVWkrkyOhA6ckZXX1uC.jpg,/9pdoEzieGdUTlRWTAO7QP8q1tIo.jpg,popular,"Crime,Action,Comedy,Drama,Thriller",2025,Good,13,https://image.tmdb.org/t/p/w500/y7dsDbG8zVWkrkyOhA6ckZXX1uC.jpg,2025-12-29T10:41:50.536983
1311031,Demon Slayer: Kimetsu no Yaiba Infinity Castle,劇場版「鬼滅の刃」無限城編 第一章 猗窩座再来,"The Demon Slayer Corps are drawn into the Infinity Castle, where Tanjiro, Nezuko, and the Hashira face terrifying Upper Rank demons in a desperate fight as the final battle against Muzan Kibutsuji begins.",2025-07-18,99.0854,7.643,615,"[16, 28, 14]",ja,False,/fWVSwgjpT2D78VUh6X8UBd2rorW.jpg,/1RgPyOhN4DRs225BGTlHJqCudII.jpg,"popular,trending","Animation,Action,Fantasy",2025,Excellent,31,https://image.tmdb.org/t/p/w500/fWVSwgjpT2D78VUh6X8UBd2rorW.jpg,2025-12-29T10:41:50.536983
1368166,The Housemaid,The Housemaid,"Trying to escape her past, Millie Calloway accepts a job as a live-in housemaid for the wealthy Nina and Andrew Winchester. But what begins as a dream job quickly unravels into something far more dangerous—a sexy, seductive game of secrets, scandal, and power.",2025-12-18,94.1797,7.7,80,"[9648, 53]",en,False,/cWsBscZzwu5brg9YjNkGewRUvJX.jpg,/sK3z0Naed3H1Wuh7a21YRVMxYqt.jpg,"popular,trending","Mystery,Thriller",2025,Excellent,32,https://image.tmdb.org/t/p/w500/cWsBscZzwu5brg9YjNkGewRUvJX.jpg,2025-12-29T10:41:50.536983
1214931,Nuremberg,Nuremberg,"In postwar Germany, an American psychiatrist must determine whether Nazi prisoners are fit to go on trial for war crimes, and finds himself in a complex battle of intellect and ethics with Hermann Göring, Hitler's right-hand man.",2025-11-06,93.7446,7.3,216,"[36, 18]",en,False,/sxu8TsG7k06ymWL98ELEIE1EMZV.jpg,/ajzEWXl1z75Mx6lOj9lToHt5t6Z.jpg,"popular,trending","History,Drama",2025,Good,33,https://image.tmdb.org/t/p/w500/sxu8TsG7k06ymWL98ELEIE1EMZV.jpg,2025-12-29T10:41:50.536983
1015539,Santastein,Santastein,"When Max Causey was six, he accidentally killed Santa. 12 years later, Max rectifies his mistake by resurrecting him, but soon realizes the creature he created is a bloodthirsty killer and it's headed right to his friend's Christmas party.",2024-11-25,86.1422,4.667,7,"[27, 35, 14]",en,False,/ipkIS0Tm4mBvj9iOHHYzzB49JHP.jpg,/atwY0qa1ZK5ZmDR7E943xiYG9a4.jpg,popular,"Horror,Comedy,Fantasy",2024,Average,37,https://image.tmdb.org/t/p/w500/ipkIS0Tm4mBvj9iOHHYzzB49JHP.jpg,2025-12-29T10:41:50.536983
1589891,A Time for Bravery,La hora de los valientes,"A psychoanalyst on community service aids an agent shattered by infidelity; together, they will confront danger and discover second chances.",2025-12-18,89.2641,7.771,48,"[35, 28]",es,False,/qKKG22O5pFxqglG0oMjWTjQWCNl.jpg,/gtuXARxjGdfsGFqEwggBB8zUJza.jpg,"popular,trending","Comedy,Action",2025,Excellent,34,https://image.tmdb.org/t/p/w500/qKKG22O5pFxqglG0oMjWTjQWCNl.jpg,2025-12-29T10:41:50.536983
1218925,Chainsaw Man - The Movie: Reze Arc,劇場版 チェンソーマン レゼ篇,"In a brutal war between devils, hunters, and secret enemies, a mysterious girl named Reze has stepped into Denji's world, and he faces his deadliest battle yet, fueled by love in a world where survival knows no rules.",2025-09-19,88.3023,8.272,513,"[16, 28, 10749, 14]",ja,False,/pHyxb2RV5wLlboAwm9ZJ9qTVEDw.jpg,/kfXgo2rMF1A19celCwLyQ4Xwpf8.jpg,"popular,top_rated,trending","Animation,Action,Romance,Fantasy",2025,Excellent,35,https://image.tmdb.org/t/p/w500/pHyxb2RV5wLlboAwm9ZJ9qTVEDw.jpg,2025-12-29T10:41:50.536983
1054867,One Battle After Another,One Battle After Another,"Washed-up revolutionary Bob exists in a state of stoned paranoia, surviving off-grid with his spirited, self-reliant daughter, Willa. When his evil nemesis resurfaces after 16 years and she goes missing, the former radical scrambles to find her, father and daughter both battling the consequences of his past.",2025-09-23,87.6059,7.47,2091,"[53, 80, 28]",en,False,/m1jFoahEbeQXtx4zArT2FKdbNIj.jpg,/zpEWFNqoN8Qg1SzMMHmaGyOBTdW.jpg,"popular,trending","Thriller,Crime,Action",2025,Good,36,https://image.tmdb.org/t/p/w500/m1jFoahEbeQXtx4zArT2FKdbNIj.jpg,2025-12-29T10:41:50.536983
1180831,Troll 2,Troll 2,"When a dangerous new troll unleashes devastation across their homeland, Nora, Andreas and Major Kris embark on their most perilous mission yet.",2025-11-30,82.3209,6.624,315,"[28, 14, 53]",no,False,/p6xAExLNFbHcLfvSuvLPoM8aqZU.jpg,/lZYMXx74pWmbj5Q5jp1QaMvmuuR.jpg,popular,"Action,Fantasy,Thriller",2025,Good,39,https://image.tmdb.org/t/p/w500/p6xAExLNFbHcLfvSuvLPoM8aqZU.jpg,2025-12-29T10:41:50.536983
1438030,Slaughterhouse 2,Slaughterhouse 2,"Unlike Buddy Bacon in the original 'Slaughterhouse' his brother Cleavon left the blood-splattered pig farm for a better life. But just like his father, Cleavon has a mute son who has a passion for home-reared, flame-grilled Wonder Jerky. Anyone who strays into Bacon's ranch, of abandoned Americana cars, will soon become part of the Wonder Jerky success story.",2024-10-23,71.9639,7.2,5,[27],en,False,/wkZgGYcCQIzX8zvMAHpzg4hFhLF.jpg,/vJ1z82bLSfg71sQcJ370N4TpWqf.jpg,popular,Horror,2024,Good,46,https://image.tmdb.org/t/p/w500/wkZgGYcCQIzX8zvMAHpzg4hFhLF.jpg,2025-12-29T10:41:50.536983
1062722,Frankenstein,Frankenstein,"Dr. Victor Frankenstein, a brilliant but egotistical scientist, brings a creature to life in a monstrous experiment that ultimately leads to the undoing of both the creator and his tragic creation.",2025-10-17,83.7232,7.713,2421,"[18, 14, 27]",en,False,/g4JtvGlQO7DByTI6frUobqvSL3R.jpg,/hpXBJxLD2SEf8l2CspmSeiHrBKX.jpg,"popular,trending","Drama,Fantasy,Horror",2025,Excellent,38,https://image.tmdb.org/t/p/w500/g4JtvGlQO7DByTI6frUobqvSL3R.jpg,2025-12-29T10:41:50.536983
1317288,Marty Supreme,Marty Supreme,"In 1950s New York, Marty Mauser, a young man with a dream no one respects, goes to Hell and back in pursuit of greatness.",2025-12-19,77.4329,8.304,28,[18],en,False,/firAhZA0uQvRL2slp7v3AnOj0ZX.jpg,/qKWDHofjMHPSEOTLaixkC9ZmjTT.jpg,"popular,trending",Drama,2025,Excellent,41,https://image.tmdb.org/t/p/w500/firAhZA0uQvRL2slp7v3AnOj0ZX.jpg,2025-12-29T10:41:50.536983
772,Home Alone 2: Lost in New York,Home Alone 2: Lost in New York,"Instead of flying to Florida with his folks, Kevin ends up alone in New York, where he gets a hotel room with his dad's credit card—despite problems from a clerk and meddling bellboy. But when Kevin runs into his old nemeses, the Wet Bandits, he's determined to foil their plans to rob a toy store on Christmas Eve.",1992-11-15,72.8655,6.8,10304,"[35, 10751, 12]",en,False,/9CAkQ9nfrDaIAyncWndwg0tfC8g.jpg,/8fnYJPoXxwAN4valDLgz2whMGTH.jpg,popular,"Comedy,Family,Adventure",1992,Good,44,https://image.tmdb.org/t/p/w500/9CAkQ9nfrDaIAyncWndwg0tfC8g.jpg,2025-12-29T10:41:50.536983
1033462,Bureau 749,749局,A traumatized young man with physical abnormalities is forced to join a mysterious bureau to confront a disaster spreading across the earth caused by an unknown creature. He embarks on an adventure uncovering mysteries about his life.,2024-10-01,79.2389,6.224,67,"[28, 12, 878]",zh,False,/flykCMw22y6yv8vKnBjmsW3pneo.jpg,/lf8IZ86ajGpgbuyHCZrXUeAMmvy.jpg,popular,"Action,Adventure,Science Fiction",2024,Good,40,https://image.tmdb.org/t/p/w500/flykCMw22y6yv8vKnBjmsW3pneo.jpg,2025-12-29T10:41:50.536983
8871,How the Grinch Stole Christmas,How the Grinch Stole Christmas,The Grinch decides to rob Whoville of Christmas - but a dash of kindness from little Cindy Lou Who and her family may be enough to melt his heart...,2000-11-17,68.4497,6.781,8061,"[10751, 35, 14]",en,False,/1WZbbPApEivA421gCOluuzMMKCk.jpg,/sy0vo1cmpKqwPRiMUiJ45jyLsX7.jpg,popular,"Family,Comedy,Fantasy",2000,Good,49,https://image.tmdb.org/t/p/w500/1WZbbPApEivA421gCOluuzMMKCk.jpg,2025-12-29T10:41:50.536983
1083637,Kantara - A Legend: Chapter 1,ಕಾಂತಾರ: ಅಧ್ಯಾಯ - ೧,"During the Kadamba reign, King Vijayendra, the ruler of the fictional feudatory land of Bangra, meets his final fate while venturing into the mystical forest of Kantara. Witnessing this, his son Rajashekara seals the borders of their realm. Later, Prince Kulashekara reopens them through a brutal massacre. The protagonist, Berme, in search of prosperity, crosses the divide and ignites a conflict of faith, power, and destiny between the Kingdom and Nature.",2025-10-01,75.7199,7.019,54,"[28, 18, 14]",kn,False,/ehQPboTPaIMkMUOoNOh8e7pZ5Rp.jpg,/w57nxiBIODAYHLRs1xmrCY9zEFe.jpg,popular,"Action,Drama,Fantasy",2025,Good,42,https://image.tmdb.org/t/p/w500/ehQPboTPaIMkMUOoNOh8e7pZ5Rp.jpg,2025-12-29T10:41:50.536983
269149,Zootopia,Zootopia,"Determined to prove herself, Officer Judy Hopps, the first bunny on Zootopia's police force, jumps at the chance to crack her first case - even if it means partnering with scam-artist fox Nick Wilde to solve the mystery.",2016-02-11,73.8369,7.757,17379,"[16, 12, 10751, 35]",en,False,/hlK0e0wAQ3VLuJcsfIYPvb4JVud.jpg,/9tOkjBEiiGcaClgJFtwocStZvIT.jpg,"popular,trending","Animation,Adventure,Family,Comedy",2016,Excellent,43,https://image.tmdb.org/t/p/w500/hlK0e0wAQ3VLuJcsfIYPvb4JVud.jpg,2025-12-29T10:41:50.536983
7451,xXx,xXx,"Xander Cage is your standard adrenaline junkie with no fear and a lousy attitude. When the US Government ""recruits"" him to go on a mission, he's not exactly thrilled. His mission: to gather information on an organization that may just be planning the destruction of the world, led by the nihilistic Yorgi.",2002-08-09,72.0625,5.978,4705,"[28, 12, 53, 80, 18]",en,False,/xeEw3eLeSFmJgXZzmF2Efww0q3s.jpg,/2OHa6ukEq3Hce7Pc2kvu8wkmMFY.jpg,"popular,trending","Action,Adventure,Thriller,Crime,Drama",2002,Average,45,https://image.tmdb.org/t/p/w500/xeEw3eLeSFmJgXZzmF2Efww0q3s.jpg,2025-12-29T10:41:50.536983
1246049,Dracula,Dracula,"When a 15th-century prince denounces God after the devastating loss of his wife, he inherits an eternal curse: he becomes Dracula. Condemned to wander the centuries, he defies fate and death itself, guided by a single hope — to be reunited with his lost love.",2025-07-30,69.7289,7.143,669,"[27, 14, 10749]",fr,False,/ykyRfv7JDofLxXLAwtLXaSuaFfM.jpg,/qLAMT52DRM3vzqYtcRJ4hBAOYgd.jpg,"popular,trending","Horror,Fantasy,Romance",2025,Good,48,https://image.tmdb.org/t/p/w500/ykyRfv7JDofLxXLAwtLXaSuaFfM.jpg,2025-12-29T10:41:50.536983
980477,Ne Zha 2,哪吒之魔童闹海,"After a catastrophic event leaves their bodies destroyed, Ne Zha and Ao Bing are granted a fragile second chance at life. As tensions rise between the dragon clans and celestial forces, the two must undergo a series of perilous trials that will test their bond, challenge their identities, and decide the fate of both mortals and immortals.",2025-01-29,66.2404,8.1,527,"[16, 14, 12, 28]",zh,False,/cb5NyNrqiCNNoDkA8FfxHAtypdG.jpg,/8btfz81bOJ2lC7cujYBTw03wzg3.jpg,popular,"Animation,Fantasy,Adventure,Action",2025,Excellent,53,https://image.tmdb.org/t/p/w500/cb5NyNrqiCNNoDkA8FfxHAtypdG.jpg,2025-12-29T10:41:50.536983
1149167,High Rollers,High Rollers,"A master thief must pull off a dangerous casino heist when his nemesis kidnaps his lover. Caught between rival criminals and FBI pursuit, he risks all to save her and score big.",2025-03-14,67.1264,6.586,93,"[28, 80, 53]",en,False,/hHowAaChDjwueySmwVbsjHmpWa.jpg,/me3SisKfnxwBP69aOVKAVMw9vDM.jpg,popular,"Action,Crime,Thriller",2025,Good,51,https://image.tmdb.org/t/p/w500/hHowAaChDjwueySmwVbsjHmpWa.jpg,2025-12-29T10:41:50.536983
803796,KPop Demon Hunters,KPop Demon Hunters,"When K-pop superstars Rumi, Mira and Zoey aren't selling out stadiums, they're using their secret powers to protect their fans from supernatural threats.",2025-06-20,66.1665,8.167,2100,"[14, 10402, 35, 16]",en,False,/zT7Lhw3BhJbMkRqm9Zlx2YGMsY0.jpg,/w3Bi0wygeFQctn6AqFTwhGNXRwL.jpg,"popular,trending","Fantasy,Music,Comedy,Animation",2025,Excellent,54,https://image.tmdb.org/t/p/w500/zT7Lhw3BhJbMkRqm9Zlx2YGMsY0.jpg,2025-12-29T10:41:50.536983
1539104,JUJUTSU KAISEN: Execution -Shibuya Incident x The Culling Game Begins-,劇場版 呪術廻戦「渋谷事変 特別編集版」×「死滅回游 先行上映」,"A veil abruptly descends over the busy Shibuya area amid the bustling Halloween crowds, trapping countless civilians inside. Satoru Gojo, the strongest jujutsu sorcerer, steps into the chaos. But lying in wait are curse users and spirits scheming to seal him away. Yuji Itadori, accompanied by his classmates and other top-tier jujutsu sorcerers, enters the fray in an unprecedented clash of curses — the Shibuya Incident. In the aftermath, ten colonies across Japan are transformed into dens of curses in a plan orchestrated by Noritoshi Kamo. As the deadly Culling Game starts, Special Grade sorcerer Yuta Okkotsu is assigned to carry out Yuji's execution for his perceived crimes. A compilation movie of Shibuya Incident including the first two episodes of the Culling Games arc.",2025-11-07,67.463,5.29,69,"[16, 28]",ja,False,/v0s3dx6am0RzfsuK3KdEy8ZoCDs.jpg,/gtKglOSEq3d4MgQE4VsrT1sRkd0.jpg,popular,"Animation,Action",2025,Average,50,https://image.tmdb.org/t/p/w500/v0s3dx6am0RzfsuK3KdEy8ZoCDs.jpg,2025-12-29T10:41:50.536983
1291608,Dhurandhar,धुरंधर,"After the hijacking of IC-814 in 1999 and the Parliament attack in 2001, India’s Intelligence Bureau Chief, Ajay Sanyal, devises an indomitable mission to intrude and rupture the terrorist network in Pakistan, by infiltrating the underworld mafia of Karachi with the help of a mysterious traveler.",2025-12-05,65.3028,6.303,122,"[28, 53]",hi,False,/8FHOtUpNIk5ZPEay2N2EY5lrxkv.jpg,/yRYgvo2crAeHzqKwXMVtEaDx7Qq.jpg,"popular,trending","Action,Thriller",2025,Good,57,https://image.tmdb.org/t/p/w500/8FHOtUpNIk5ZPEay2N2EY5lrxkv.jpg,2025-12-29T10:41:50.536983
575265,Mission: Impossible - The Final Reckoning,Mission: Impossible - The Final Reckoning,"Ethan Hunt and team continue their search for the terrifying AI known as the Entity — which has infiltrated intelligence networks all over the globe — with the world's governments and a mysterious ghost from Hunt's past on their trail. Joined by new allies and armed with the means to shut the Entity down for good, Hunt is in a race against time to prevent the world as we know it from changing forever.",2025-05-17,66.5143,7.241,2273,"[28, 53, 12]",en,False,/z53D72EAOxGRqdr7KXXWp9dJiDe.jpg,/xPNDRM50a58uvv1il2GVZrtWjkZ.jpg,"popular,trending","Action,Thriller,Adventure",2025,Good,52,https://image.tmdb.org/t/p/w500/z53D72EAOxGRqdr7KXXWp9dJiDe.jpg,2025-12-29T10:41:50.536983
1468057,GATAO: Big Brothers,角頭－鬥陣欸,"Michael and his right-hand man Scorpion, who find themselves embroiled in their father Ko's turf war against rival gangs in Taipei, setting off a conflict between old and new generations of gangsters. The film is the latest installment in the Gatao franchise, following the narrative of a young successor trying to expand his power while navigating the volatile underworld.",2025-08-21,47.5436,6.2,5,"[80, 28]",zh,False,/tc5z5OADIYlOZLn0xNNM32c0Cq5.jpg,/rGRjRlgSv1v6lnuBGhPCB74TVZt.jpg,popular,"Crime,Action",2025,Good,78,https://image.tmdb.org/t/p/w500/tc5z5OADIYlOZLn0xNNM32c0Cq5.jpg,2025-12-29T10:41:50.536983
1206083,Conjuring Tapes,Conjuring Tapes,"While sorting through their late friend's belongings, two women discover VHS tapes showing them in haunting, unfamiliar scenes, each one drawing them into the grasp of a mysterious, malevolent entity.",2025-04-10,119.228,4.182,11,"[27, 9648]",en,False,/tV0c4awT03nnuasAp06iabznDSV.jpg,/w3KuQ1rLd7Ur26WluD0k9oLgYdQ.jpg,popular,"Horror,Mystery",2025,Average,26,https://image.tmdb.org/t/p/w500/tV0c4awT03nnuasAp06iabznDSV.jpg,2025-12-29T10:41:50.536983
1162858,The Other,The Other,"Unable to conceive, a couple seeks to build a family with a young orphan, survivor of tragic childhood. But their act of love turns to horror when they realize the violence in their foster's past has returned to destroy the new family.",2025-04-26,58.7183,5.56,42,"[27, 53]",en,False,/kE6FV8Lc9Aqir6OlgaNgnbFcy9E.jpg,/k3xS5HuixDQXRFg4eX9vLohuGjP.jpg,popular,"Horror,Thriller",2025,Average,61,https://image.tmdb.org/t/p/w500/kE6FV8Lc9Aqir6OlgaNgnbFcy9E.jpg,2025-12-29T10:41:50.536983
991494,The SpongeBob Movie: Search for SquarePants,The SpongeBob Movie: Search for SquarePants,"Desperate to be a big guy, SpongeBob sets out to prove his bravery to Mr. Krabs by following The Flying Dutchman – a mysterious swashbuckling ghost pirate – on a seafaring adventure that takes him to the deepest depths of the deep sea, where no Sponge has gone before.",2025-12-16,65.4734,6.62,25,"[16, 10751, 35, 12]",en,False,/pDWYW9v8fmJdA7N0I1MOdQA3ETq.jpg,/kVSUUWiXoNwq2wVCZ4Mcqkniqvr.jpg,"popular,trending","Animation,Family,Comedy,Adventure",2025,Good,56,https://image.tmdb.org/t/p/w500/pDWYW9v8fmJdA7N0I1MOdQA3ETq.jpg,2025-12-29T10:41:50.536983
10437,The Muppet Christmas Carol,The Muppet Christmas Carol,"A retelling of the classic Dickens tale of Ebenezer Scrooge, miser extraordinaire. He is held accountable for his dastardly ways during night-time visitations by the Ghosts of Christmas Past, Present and Future.",1992-12-11,60.7881,7.4,1117,"[10402, 35, 10751, 14, 18]",en,False,/ssrV29QSVVJuemBHho0Qx7pFYak.jpg,/kLVWvnUdqQ07WjbAYGpmiD2ZFQa.jpg,popular,"Music,Comedy,Family,Fantasy,Drama",1992,Good,59,https://image.tmdb.org/t/p/w500/ssrV29QSVVJuemBHho0Qx7pFYak.jpg,2025-12-29T10:41:50.536983
1061474,Superman,Superman,"Superman, a journalist in Metropolis, embarks on a journey to reconcile his Kryptonian heritage with his human upbringing as Clark Kent.",2025-07-09,60.482,7.39,4050,"[878, 12, 28]",en,False,/ldyfo0BKmz5rWtJJKCvwaNS4cJT.jpg,/eU7IfdWq8KQy0oNd4kKXS0QUR08.jpg,"popular,trending","Science Fiction,Adventure,Action",2025,Good,60,https://image.tmdb.org/t/p/w500/ldyfo0BKmz5rWtJJKCvwaNS4cJT.jpg,2025-12-29T10:41:50.536983
1217602,London Calling,London Calling,"After fleeing the UK from a job gone wrong, a down on his luck hitman is forced to babysit the son of his new crime boss and show him how to become a man.",2025-09-18,54.5878,6.967,61,"[28, 80, 35, 53]",en,False,/cpQ4VxBJO7vGV3IUdKzSNf4tH9V.jpg,/1dqFuNiutgBdNF9d5QOQBWHHvft.jpg,popular,"Action,Crime,Comedy,Thriller",2025,Good,67,https://image.tmdb.org/t/p/w500/cpQ4VxBJO7vGV3IUdKzSNf4tH9V.jpg,2025-12-29T10:41:50.536983
1422096,Good Boy,Good Boy,"A loyal dog moves to a rural family home with his owner Todd, only to discover supernatural forces lurking in the shadows. As dark entities threaten his human companion, the brave pup must fight to protect the one he loves most.",2025-10-01,55.9981,6.737,409,"[27, 53]",en,False,/pvMHRi09ur2L1drXh2dXFtuMFgl.jpg,/mPtPJzBkwksUoMEKpkZqxBrlKpZ.jpg,"popular,trending","Horror,Thriller",2025,Good,65,https://image.tmdb.org/t/p/w500/pvMHRi09ur2L1drXh2dXFtuMFgl.jpg,2025-12-29T10:41:50.536983
617126,The Fantastic 4: First Steps,The Fantastic 4: First Steps,"Against the vibrant backdrop of a 1960s-inspired, retro-futuristic world, Marvel's First Family is forced to balance their roles as heroes with the strength of their family bond, while defending Earth from a ravenous space god called Galactus and his enigmatic Herald, Silver Surfer.",2025-07-23,56.2173,7.008,2707,"[878, 12, 28]",en,False,/pZPJsaFKWheTOerVhLnpP8TPp4B.jpg,/5CKcXxo5aD4BerJM6iy4IX1TJxv.jpg,"popular,trending","Science Fiction,Adventure,Action",2025,Good,64,https://image.tmdb.org/t/p/w500/pZPJsaFKWheTOerVhLnpP8TPp4B.jpg,2025-12-29T10:41:50.536983
1448560,Wildcat,Wildcat,An ex-black ops team reunite to pull off a desperate heist in order to save the life of their leader’s eight-year-old daughter.,2025-11-19,58.2469,6.3,53,"[28, 53, 80]",en,False,/h893ImjM6Fsv5DFhKJdlZFZIJno.jpg,/pAyImoslSnpMgjRwhaS5ZEdl8UI.jpg,popular,"Action,Thriller,Crime",2025,Good,62,https://image.tmdb.org/t/p/w500/h893ImjM6Fsv5DFhKJdlZFZIJno.jpg,2025-12-29T10:41:50.536983
24428,The Avengers,The Avengers,"When an unexpected enemy emerges and threatens global safety and security, Nick Fury, director of the international peacekeeping agency known as S.H.I.E.L.D., finds himself in need of a team to pull the world back from the brink of disaster. Spanning the globe, a daring recruitment effort begins!",2012-04-25,54.1639,7.887,34685,"[878, 28, 12]",en,False,/RYMX2wcKCBAr24UyPD7xwmjaTn.jpg,/9BBTo63ANSmhC4e6r62OJFuK2GL.jpg,popular,"Science Fiction,Action,Adventure",2012,Excellent,68,https://image.tmdb.org/t/p/w500/RYMX2wcKCBAr24UyPD7xwmjaTn.jpg,2025-12-29T10:41:50.536983
1363123,The Family Plan 2,The Family Plan 2,"Now that Dan's assassin days are behind him, all he wants for Christmas is quality time with his kids. But when he learns his daughter has her own plans, he books a family trip to London—putting them all in the crosshairs of an unexpected enemy.",2025-11-11,56.7814,6.6,408,"[28, 35]",en,False,/semFxuYx6HcrkZzslgAkBqfJvZk.jpg,/7nAVXGHHtaNcdsqvDXmY6R9N0fG.jpg,popular,"Action,Comedy",2025,Good,63,https://image.tmdb.org/t/p/w500/semFxuYx6HcrkZzslgAkBqfJvZk.jpg,2025-12-29T10:41:50.536983
967941,Wicked: For Good,Wicked: For Good,"As an angry mob rises against the Wicked Witch, Glinda and Elphaba will need to come together one final time. With their singular friendship now the fulcrum of their futures, they will need to truly see each other, with honesty and empathy, if they are to change themselves, and all of Oz, for good.",2025-11-19,50.895,6.775,497,"[14, 12, 10749]",en,False,/si9tolnefLSUKaqQEGz1bWArOaL.jpg,/l8pwO23MCvqYumzozpxynCNfck1.jpg,"popular,trending","Fantasy,Adventure,Romance",2025,Good,75,https://image.tmdb.org/t/p/w500/si9tolnefLSUKaqQEGz1bWArOaL.jpg,2025-12-29T10:41:50.536983
1234821,Jurassic World Rebirth,Jurassic World Rebirth,"Five years after the events of Jurassic World Dominion, covert operations expert Zora Bennett is contracted to lead a skilled team on a top-secret mission to secure genetic material from the world's three most massive dinosaurs. When Zora's operation intersects with a civilian family whose boating expedition was capsized, they all find themselves stranded on an island where they come face-to-face with a sinister, shocking discovery that's been hidden from the world for decades.",2025-07-01,52.7361,6.373,2672,"[878, 12, 28]",en,False,/1RICxzeoNCAO5NpcRMIgg1XT6fm.jpg,/fQOV47FHTJdaSuSUNlzP3zXUZWE.jpg,"popular,trending","Science Fiction,Adventure,Action",2025,Good,70,https://image.tmdb.org/t/p/w500/1RICxzeoNCAO5NpcRMIgg1XT6fm.jpg,2025-12-29T10:41:50.536983
701387,Bugonia,Bugonia,"Two conspiracy obsessed young men kidnap the high-powered CEO of a major company, convinced that she is an alien intent on destroying planet Earth.",2025-10-23,52.2606,7.409,955,"[878, 80]",en,False,/oxgsAQDAAxA92mFGYCZllgWkH9J.jpg,/jihTSrMksmU5ujqRZnc6SBFSyfq.jpg,"popular,trending","Science Fiction,Crime",2025,Good,71,https://image.tmdb.org/t/p/w500/oxgsAQDAAxA92mFGYCZllgWkH9J.jpg,2025-12-29T10:41:50.536983
346364,It,It,"In a small town in Maine, seven children known as The Losers Club come face to face with life problems, bullies and a monster that takes the shape of a clown called Pennywise.",2017-09-06,52.208,7.239,19936,"[27, 53]",en,False,/9E2y5Q7WlCVNEhP5GiVTjhEhx1o.jpg,/qVGpxnjrGlHaSTCqTQI6viBDSfp.jpg,popular,"Horror,Thriller",2017,Good,72,https://image.tmdb.org/t/p/w500/9E2y5Q7WlCVNEhP5GiVTjhEhx1o.jpg,2025-12-29T10:41:50.536983
1266990,Kulong,Kulong,"Three friends retreat to a resort to collaborate on a daring screenplay for a contest. Faced with the challenge of writing about passion despite their own dry spells, their journey soon blurs the line between imagination and experience.",2024-05-24,52.0937,6.0,7,[18],tl,False,/AnzrE2WHg3DtZrtmB9AnEbAh17m.jpg,/mBc6RB7VajfykLqGx0ue7qatXky.jpg,popular,Drama,2024,Average,73,https://image.tmdb.org/t/p/w500/AnzrE2WHg3DtZrtmB9AnEbAh17m.jpg,2025-12-29T10:41:50.536983
1469354,Border Hunters,Border Hunters,"After his police officer brother is killed by a drug dealer who flees to the protection of his cartel-connected uncle in Mexico, an American man with a diverse law enforcement/military background goes south of the border to get revenge",2025-10-20,53.5887,6.6,18,"[28, 53]",en,False,/6TNFZnJ5CU0uFQxGaO9dbqriiI7.jpg,/rBygkL0nL18t0zd5bNJECET64kV.jpg,"popular,trending","Action,Thriller",2025,Good,69,https://image.tmdb.org/t/p/w500/6TNFZnJ5CU0uFQxGaO9dbqriiI7.jpg,2025-12-29T10:41:50.536983
1033148,Die My Love,Die My Love,"Grace and her partner Jackson move into an old country house. She pursues her dream of writing, and the couple welcome a baby soon after. However, with Jackson frequently absent, and the pressures of domestic life weighing on her, Grace begins to unravel, leaving a path of destruction in her wake.",2025-10-06,51.5098,6.323,248,[18],en,False,/kajpShbFhOdpl6yCrLezMrr9tB4.jpg,/dEkFlZzj2cb5F7SShvqkL54E4lr.jpg,"popular,trending",Drama,2025,Good,74,https://image.tmdb.org/t/p/w500/kajpShbFhOdpl6yCrLezMrr9tB4.jpg,2025-12-29T10:41:50.536983
1116465,A Legend,传说,An archeologist noticed that the texture of the relics discovered during the excavation of a glacier closely resembled a jade pendant seen in one of his dreams. He and his team then embark on an expedition into the depths of the glacier.,2024-07-05,54.8636,6.855,131,"[28, 12, 14]",zh,False,/qbImUt1d3itXcB81BCItPZlfbyr.jpg,/7FDVhmCur4LMOfnXMteiSCtsdOb.jpg,popular,"Action,Adventure,Fantasy",2024,Good,66,https://image.tmdb.org/t/p/w500/qbImUt1d3itXcB81BCItPZlfbyr.jpg,2025-12-29T10:41:50.536983
1230368,Springsteen: Deliver Me from Nowhere,Springsteen: Deliver Me from Nowhere,"Bruce Springsteen, a young musician on the cusp of global superstardom, struggles to reconcile the pressures of success with the ghosts of his past.",2025-10-22,45.8856,6.9,143,"[18, 10402]",en,False,/csBV3eq4RDjNg1acNQ8kwOZyPlZ.jpg,/oOczvrnhpXUmqCbyKYFj4FQExAo.jpg,"popular,trending","Drama,Music",2025,Good,81,https://image.tmdb.org/t/p/w500/csBV3eq4RDjNg1acNQ8kwOZyPlZ.jpg,2025-12-29T10:41:50.536983
1435092,Goodbye June,Goodbye June,Four siblings' lives change drastically when their ailing mother takes a turn for the worse over the holiday season.,2025-12-12,47.1016,6.855,31,[18],en,False,/ygsMOnttVCekvJZgvmnvaemxPHA.jpg,/9MJifKtwH3hSDPSqguyvFfgdmtA.jpg,"popular,trending",Drama,2025,Good,79,https://image.tmdb.org/t/p/w500/ygsMOnttVCekvJZgvmnvaemxPHA.jpg,2025-12-29T10:41:50.536983
1420733,The Cursed: Insatiable Desires,귀시,"An old man attempting to harm the village's mystical guardian tree. An office worker, obsessed with beauty, tampering with her neighbor's packages. A mother making deals with ghosts to secure her daughter's place in medical school. A senior police officer insisting on handling a case alone, despite his junior's objections. A college student seeking fame on social media through horror content. These seemingly unrelated incidents are eerily linked by their intertwined relationships and a shared undercurrent of wrong choices driven by desire. At the heart of it all lies a sinister dark market. Once its true nature is revealed, there’s no turning back.",2025-09-17,44.0965,6.25,4,"[27, 53]",ko,False,/mU48A2SXrWTak6GlsFPn4uulN0B.jpg,/tYJMvtbjtYexeYB5CjnjezwnWEq.jpg,popular,"Horror,Thriller",2025,Good,84,https://image.tmdb.org/t/p/w500/mU48A2SXrWTak6GlsFPn4uulN0B.jpg,2025-12-29T10:41:50.536983
845781,Red One,Red One,"After Santa Claus (codename: Red One) is kidnapped, the North Pole's Head of Security must team up with the world's most infamous tracker in a globe-trotting, action-packed mission to save Christmas.",2024-10-31,41.4431,7.024,2847,"[28, 35, 14]",en,False,/cdqLnri3NEGcmfnqwk2TSIYtddg.jpg,/rOmUuQEZfPXglwFs5ELLLUDKodL.jpg,popular,"Action,Comedy,Fantasy",2024,Good,91,https://image.tmdb.org/t/p/w500/cdqLnri3NEGcmfnqwk2TSIYtddg.jpg,2025-12-29T10:41:50.536983
1197137,Black Phone 2,Black Phone 2,"Four years after escaping The Grabber, Finney Blake is struggling with his life after captivity. When his sister Gwen begins receiving calls in her dreams from the black phone and seeing disturbing visions of three boys being stalked at a winter camp, the siblings become determined to solve the mystery and confront a killer who has grown more powerful in death and more significant to them than either could imagine.",2025-10-15,48.5103,6.839,759,"[27, 53]",en,False,/gFddBLQ8wj9M9O82iPzgX5KVNHz.jpg,/6zKjoOOb3OZnZuiHtQZn4Kd69Gq.jpg,popular,"Horror,Thriller",2025,Good,77,https://image.tmdb.org/t/p/w500/gFddBLQ8wj9M9O82iPzgX5KVNHz.jpg,2025-12-29T10:41:50.536983
911430,F1,F1,Racing legend Sonny Hayes is coaxed out of retirement to lead a struggling Formula 1 team—and mentor a young hotshot driver—while chasing one more chance at glory.,2025-06-25,49.3641,7.794,2900,"[28, 18]",en,False,/9PXZIUsSDh4alB80jheWX4fhZmy.jpg,/lkDYN0whyE82mcM20rwtwjbniKF.jpg,"popular,trending","Action,Drama",2025,Excellent,76,https://image.tmdb.org/t/p/w500/9PXZIUsSDh4alB80jheWX4fhZmy.jpg,2025-12-29T10:41:50.536983
1286185,The Carpenter's Son,The Carpenter's Son,"A remote village in Roman-era Egypt explodes into spiritual warfare when a carpenter, his wife and their child are targeted by supernatural forces.",2025-11-13,43.7616,5.217,30,[27],en,False,/tXEtdZjoaHqjDjSxZJWwDVjIfx9.jpg,/qFxULMQeFTdo2dcuviEdwks3CIO.jpg,popular,Horror,2025,Average,86,https://image.tmdb.org/t/p/w500/tXEtdZjoaHqjDjSxZJWwDVjIfx9.jpg,2025-12-29T10:41:50.536983
157336,Interstellar,Interstellar,The adventures of a group of explorers who make use of a newly discovered wormhole to surpass the limitations on human space travel and conquer the vast distances involved in an interstellar voyage.,2014-11-05,44.4455,8.465,38473,"[12, 18, 878]",en,False,/gEU2QniE6E77NI6lCU6MxlNBvIx.jpg,/5XNQBqnBwPA9yT0jZ0p3s8bbLh0.jpg,"popular,top_rated,trending","Adventure,Drama,Science Fiction",2014,Excellent,82,https://image.tmdb.org/t/p/w500/gEU2QniE6E77NI6lCU6MxlNBvIx.jpg,2025-12-29T10:41:50.536983
507089,Five Nights at Freddy's,Five Nights at Freddy's,"Recently fired and desperate for work, a troubled young man named Mike agrees to take a position as a night security guard at an abandoned theme restaurant: Freddy Fazbear's Pizzeria. But he soon discovers that nothing at Freddy's is what it seems.",2023-10-25,43.8291,7.4,4769,"[27, 53]",en,False,/4dKRTUylqwXQ4VJz0BS84fqW2wa.jpg,/7NRGAtu8E4343NSKwhkgmVRDINw.jpg,"popular,trending","Horror,Thriller",2023,Good,85,https://image.tmdb.org/t/p/w500/4dKRTUylqwXQ4VJz0BS84fqW2wa.jpg,2025-12-29T10:41:50.536983
1119090,I Am Frankelda,Soy Frankelda,"Frankelda, a frustrated young Mexican writer from the 19th Century, travels in the form of a ghost to a kingdom of her own invention inhabited by Spooks, which are all the monstrous characters she created in her horror tales. Her guide is Herneval, the Prince of Spooks, who takes her to help him save the balance between the Realm of Fiction and the Realm of Existence by using her talent as a writer.",2025-10-23,42.6732,8.593,43,"[16, 10751, 14, 27]",es,False,/hDzllxB1TQ7uUxVvjnGHirJJovt.jpg,/pZr3484MENVj3m7toTUk7Cw4bnW.jpg,popular,"Animation,Family,Fantasy,Horror",2025,Excellent,89,https://image.tmdb.org/t/p/w500/hDzllxB1TQ7uUxVvjnGHirJJovt.jpg,2025-12-29T10:41:50.536983
1309012,Altered,Altered,"In an alternate present, genetically enhanced humans dominate society. Outcasts Leon and Chloe fight for justice against corrupt politicians exploiting genetic disparity, risking everything to challenge the oppressive system.",2025-09-18,46.9583,6.221,68,"[878, 28]",en,False,/6QlAcGRaUrgHcZ4WTBh5lsPnzKx.jpg,/q9bvjUkpKltPE0S9oxci2pmD1Zx.jpg,popular,"Science Fiction,Action",2025,Good,80,https://image.tmdb.org/t/p/w500/6QlAcGRaUrgHcZ4WTBh5lsPnzKx.jpg,2025-12-29T10:41:50.536983
1415974,Raat Akeli Hai - The Bansal Murders,रात अकेली है - द बंसल मर्डर्स,"When members of the Bansal family are found murdered, Inspector Jatil Yadav uncovers a trail of greed, betrayal and secrets tied to a deadly conspiracy.",2025-12-18,41.4211,6.591,11,"[53, 9648, 80, 18]",hi,False,/8EpDSwnjMBc9dmTPEYBF4Bixmwf.jpg,/tql3kTLmF2FFeSVIlafFJiZfcfk.jpg,"popular,trending","Thriller,Mystery,Crime,Drama",2025,Good,92,https://image.tmdb.org/t/p/w500/8EpDSwnjMBc9dmTPEYBF4Bixmwf.jpg,2025-12-29T10:41:50.536983
23527,First Squad: The Moment of Truth,Первый отряд,Set during the opening days of World War II on the Eastern Front. Its main cast are a group of Soviet teenagers with extraordinary abilities; the teenagers have been drafted to form a special unit to fight the invading German army. They are opposed by a Schutzstaffel officer who is attempting to raise from the dead a supernatural army of crusaders from the 12th-century Order of the Sacred Cross.,2009-05-13,44.3794,6.248,139,"[14, 16, 28, 878]",ru,False,/hBj1aTnGf4564Klv9yIbSuB7Y8w.jpg,/3k1PKmzNEosWFaOR1yC9ZKIYqmm.jpg,popular,"Fantasy,Animation,Action,Science Fiction",2009,Good,83,https://image.tmdb.org/t/p/w500/hBj1aTnGf4564Klv9yIbSuB7Y8w.jpg,2025-12-29T10:41:50.536983
1288072,Keeper,Keeper,"Liz and Malcolm escape for a romantic anniversary weekend at a secluded cabin. When Malcolm suddenly returns to the city, Liz finds herself isolated and in the presence of an unspeakable evil that reveals the cabin's horrifying secrets.",2025-11-12,40.5791,5.512,81,"[27, 9648]",en,False,/mbGHijUc0C3fcM12l6ro6FgxIvg.jpg,/kUuWEOgqlVqcXsXujJPK8C6kjum.jpg,popular,"Horror,Mystery",2025,Average,94,https://image.tmdb.org/t/p/w500/mbGHijUc0C3fcM12l6ro6FgxIvg.jpg,2025-12-29T10:41:50.536983
1403735,Laila,లైలా,"Sonu Model, a renowned beautician from the old city, is forced to disguise himself as Laila, leading to a series of comedic, romantic, and action-packed events. Chaos ensues in this hilarious laugh riot",2025-02-14,42.939,5.2,6,"[35, 10749]",te,False,/aFogllaRGlAhk1nqvVGFpZpl4qU.jpg,/vNUwK5P42m81uG57kKI1WxSZwIQ.jpg,popular,"Comedy,Romance",2025,Average,88,https://image.tmdb.org/t/p/w500/aFogllaRGlAhk1nqvVGFpZpl4qU.jpg,2025-12-29T10:41:50.536983
1010581,My Fault,Culpa mía,"Noah must leave her city, boyfriend, and friends to move into William Leister's mansion, the flashy and wealthy husband of her mother Rafaela. As a proud and independent 17 year old, Noah resists living in a mansion surrounded by luxury. However, it is there where she meets Nick, her new stepbrother, and the clash of their strong personalities becomes evident from the very beginning.",2023-06-08,41.8312,7.763,3950,"[18, 10749, 53]",es,False,/w46Vw536HwNnEzOa7J24YH9DPRS.jpg,/oz4U9eA6ilYf1tyiVuGmkftdLac.jpg,popular,"Drama,Romance,Thriller",2023,Excellent,90,https://image.tmdb.org/t/p/w500/w46Vw536HwNnEzOa7J24YH9DPRS.jpg,2025-12-29T10:41:50.536983
562,Die Hard,Die Hard,"NYPD cop John McClane's plan to reconcile with his estranged wife is thrown for a serious loop when, minutes after he arrives at her offices Christmas Party, the entire building is overtaken by a group of terrorists. With little help from the LAPD, wisecracking McClane sets out to single-handedly rescue the hostages and bring the bad guys down.",1988-07-15,34.768,7.804,11885,"[28, 53]",en,False,/7Bjd8kfmDSOzpmhySpEhkUyK2oH.jpg,/oIwfoUFfWfESn0Y8u8jv9lc8li1.jpg,"popular,trending","Action,Thriller",1988,Excellent,102,https://image.tmdb.org/t/p/w500/7Bjd8kfmDSOzpmhySpEhkUyK2oH.jpg,2025-12-29T10:41:50.536983
474350,It Chapter Two,It Chapter Two,"27 years after overcoming the malevolent supernatural entity Pennywise, the former members of the Losers' Club, who have grown up and moved away from Derry, are brought back together by a devastating phone call.",2019-09-04,39.3503,6.839,9347,"[27, 53]",en,False,/zfE0R94v1E8cuKAerbskfD3VfUt.jpg,/8moTOzunF7p40oR5XhlDvJckOSW.jpg,popular,"Horror,Thriller",2019,Good,95,https://image.tmdb.org/t/p/w500/zfE0R94v1E8cuKAerbskfD3VfUt.jpg,2025-12-29T10:41:50.536983
1087192,How to Train Your Dragon,How to Train Your Dragon,"On the rugged isle of Berk, where Vikings and dragons have been bitter enemies for generations, Hiccup stands apart, defying centuries of tradition when he befriends Toothless, a feared Night Fury dragon. Their unlikely bond reveals the true nature of dragons, challenging the very foundations of Viking society.",2025-06-06,43.4075,7.969,2322,"[14, 10751, 28, 12]",en,False,/q5pXRYTycaeW6dEgsCrd4mYPmxM.jpg,/vHTFrcqJoCi1is3XN0PZe2LSnI2.jpg,"popular,trending","Fantasy,Family,Action,Adventure",2025,Excellent,87,https://image.tmdb.org/t/p/w500/q5pXRYTycaeW6dEgsCrd4mYPmxM.jpg,2025-12-29T10:41:50.536983
360920,The Grinch,The Grinch,The Grinch hatches a scheme to ruin Christmas when the residents of Whoville plan their annual holiday celebration.,2018-11-08,37.5322,6.872,4333,"[10751, 35, 16]",en,False,/smxA8yvZ0LzDPer9BIRd4pyOpx1.jpg,/5lWIYxYEqWi8j3ZloxXntw3ImBo.jpg,popular,"Family,Comedy,Animation",2018,Good,98,https://image.tmdb.org/t/p/w500/smxA8yvZ0LzDPer9BIRd4pyOpx1.jpg,2025-12-29T10:41:50.536983
1354700,The Ghost Game,강령: 귀신놀이,"Aspiring YouTuber Gi-ho stages a fake seance for viral content, but Ja-young joins, seeking her missing sister Seo-woo. In an underground cistern, Seo-woo volunteers as the ""possessed,"" but when she collapses, terror unfolds. Trapped with sinister forces, the students face a deadly fate, leading to a shocking twist.",2025-08-06,70.5437,7.1,19,"[27, 9648, 53]",ko,False,/6uF6PnY1gWNmDkAMYO1qhgdgozM.jpg,/35WjumOZF4QB9Ia8RvPdU4wIIQl.jpg,popular,"Horror,Mystery,Thriller",2025,Good,47,https://image.tmdb.org/t/p/w500/6uF6PnY1gWNmDkAMYO1qhgdgozM.jpg,2025-12-29T10:41:50.536983
1038392,The Conjuring: Last Rites,The Conjuring: Last Rites,Paranormal investigators Ed and Lorraine Warren take on one last terrifying case involving mysterious entities they must confront.,2025-09-03,40.9888,6.94,1499,[27],en,False,/byWgphT74ClOVa8EOGzYDkl8DVL.jpg,/tcBX2dtkNozZ0uDLVaxXrE6rqyN.jpg,popular,Horror,2025,Good,93,https://image.tmdb.org/t/p/w500/byWgphT74ClOVa8EOGzYDkl8DVL.jpg,2025-12-29T10:41:50.536983
1379963,Tell Me Softly,Dímelo bajito,"Kamila has everything under control: studies, social life, her image... Everything except the unexpected return of her neighbors, the Di Bianco brothers, after seven years of absence. Thiago stole her first kiss, and Taylor was her best friend, but now their return will turn Kami's world upside down. Can the three overcome the past that binds them? Or will everything explode into pieces once again?",2025-12-11,36.942,6.211,76,"[10749, 18]",es,False,/6Z37lW0JfLdeFcgH9yaTyg6B9A6.jpg,/rtv6da2U8poERiAZSAbCOePXzql.jpg,popular,"Romance,Drama",2025,Good,99,https://image.tmdb.org/t/p/w500/6Z37lW0JfLdeFcgH9yaTyg6B9A6.jpg,2025-12-29T10:41:50.536983
756397,Hitpig!,Hitpig!,"A porcine bounty hunter accepts his next hit: Pickles, a naive, ebullient elephant. Though he initially sets out to capture the perky pachyderm, the unlikely pair find themselves crisscrossing the globe on an adventure that brings out the best in both of them.",2024-11-01,66.0936,6.643,28,"[16, 35, 12, 10751]",en,False,/bYa20LYAZ3Q7lKXtLYybo0yWWTN.jpg,/leobhCk6L86BEBnx1t6URQcIdQW.jpg,popular,"Animation,Comedy,Adventure,Family",2024,Good,55,https://image.tmdb.org/t/p/w500/bYa20LYAZ3Q7lKXtLYybo0yWWTN.jpg,2025-12-29T10:41:50.536983
1327862,Regretting You,Regretting You,"Morgan Grant and her daughter Clara explore what's left behind after a devastating accident reveals a shocking betrayal and forces them to confront family secrets, redefine love, and rediscover each other.",2025-10-22,38.8539,7.007,208,"[10749, 18]",en,False,/z4gVnxTaks3anTycwKjDmvQSuWt.jpg,/m3WlBJJRbFPaut1QS0PbOG8Wezy.jpg,"popular,trending","Romance,Drama",2025,Good,96,https://image.tmdb.org/t/p/w500/z4gVnxTaks3anTycwKjDmvQSuWt.jpg,2025-12-29T10:41:50.536983
1194963,Noise,노이즈,"Ju-young is a young woman with a hearing impediment who decides to investigate her sister's inexplicable disappearance, last seen in her apartment. Feeling more and more cornered, Ju-young begins to hear strange sounds and sense an evil presence in the apartment.",2025-06-25,63.749,6.2,33,"[27, 53]",ko,False,/uU3NXe7QqjJNxVpYPdz8dscFWlj.jpg,/zeMMVjOFwXPfRIW6HzaEr0UQlRY.jpg,popular,"Horror,Thriller",2025,Good,58,https://image.tmdb.org/t/p/w500/uU3NXe7QqjJNxVpYPdz8dscFWlj.jpg,2025-12-29T10:41:50.536983
1233413,Sinners,Sinners,"Trying to leave their troubled lives behind, twin brothers return to their hometown to start again, only to discover that an even greater evil is waiting to welcome them back.",2025-04-16,38.3269,7.5,3082,"[27, 28, 53]",en,False,/qTvFWCGeGXgBRaINLY1zqgTPSpn.jpg,/nAxGnGHOsfzufThz20zgmRwKur3.jpg,"popular,trending","Horror,Action,Thriller",2025,Good,97,https://image.tmdb.org/t/p/w500/qTvFWCGeGXgBRaINLY1zqgTPSpn.jpg,2025-12-29T10:41:50.536983
278,The Shawshank Redemption,The Shawshank Redemption,"Imprisoned in the 1940s for the double murder of his wife and her lover, upstanding banker Andy Dufresne begins a new life at the Shawshank prison, where he puts his accounting skills to work for an amoral warden. During his long stretch in prison, Dufresne comes to be admired by the other inmates -- including an older prisoner named Red -- for his integrity and unquenchable sense of hope.",1994-09-23,33.0609,8.714,29408,"[18, 80]",en,False,/9cqNxx0GxF0bflZmeSMuL5tnGzr.jpg,/zfbjgQE1uSd9wiPTX4VzsLi0rGG.jpg,top_rated,"Drama,Crime",1994,Excellent,107,https://image.tmdb.org/t/p/w500/9cqNxx0GxF0bflZmeSMuL5tnGzr.jpg,2025-12-29T10:41:50.536983
238,The Godfather,The Godfather,"Spanning the years 1945 to 1955, a chronicle of the fictional Italian-American Corleone crime family. When organized crime family patriarch, Vito Corleone barely survives an attempt on his life, his youngest son, Michael steps in to take care of the would-be killers, launching a campaign of bloody revenge.",1972-03-14,31.0195,8.685,22196,"[18, 80]",en,False,/3bhkrj58Vtu7enYsRolD1fZdja1.jpg,/39rtAdg3yx6IDxRg0ZLXefv0aPY.jpg,"top_rated,trending","Drama,Crime",1972,Excellent,109,https://image.tmdb.org/t/p/w500/3bhkrj58Vtu7enYsRolD1fZdja1.jpg,2025-12-29T10:41:50.536983
240,The Godfather Part II,The Godfather Part II,"In the continuing saga of the Corleone crime family, a young Vito Corleone grows up in Sicily and in 1910s New York. In the 1950s, Michael Corleone attempts to expand the family business into Las Vegas, Hollywood and Cuba.",1974-12-20,16.4137,8.571,13419,"[18, 80]",en,False,/hek3koDUyRQk7FIhPXsa6mT2Zc3.jpg,/14icRpwdgpHEHxt7Cn5hr2RQEsF.jpg,top_rated,"Drama,Crime",1974,Excellent,154,https://image.tmdb.org/t/p/w500/hek3koDUyRQk7FIhPXsa6mT2Zc3.jpg,2025-12-29T10:41:50.536983
424,Schindler's List,Schindler's List,The true story of how businessman Oskar Schindler saved over a thousand Jewish lives from the Nazis while they worked as slaves in his factory during World War II.,1993-12-15,14.9015,8.565,16938,"[18, 36, 10752]",en,False,/sF1U4EUQS8YHUYjNl3pMGNIQyr0.jpg,/zb6fM1CX41D9rF9hdgclu0peUmy.jpg,top_rated,"Drama,History,War",1993,Excellent,158,https://image.tmdb.org/t/p/w500/sF1U4EUQS8YHUYjNl3pMGNIQyr0.jpg,2025-12-29T10:41:50.536983
389,12 Angry Men,12 Angry Men,"The defense and the prosecution have rested and the jury is filing into the jury room to decide if a young Spanish-American is guilty or innocent of murdering his father. What begins as an open and shut case soon becomes a mini-drama of each of the jurors' prejudices and preconceptions about the trial, the accused, and each other.",1957-04-10,11.0014,8.549,9607,[18],en,False,/ow3wq89wM8qd5X7hWKxiRfsFf9C.jpg,/w4bTBXcqXc2TUyS5Fc4h67uWbPn.jpg,top_rated,Drama,1957,Excellent,179,https://image.tmdb.org/t/p/w500/ow3wq89wM8qd5X7hWKxiRfsFf9C.jpg,2025-12-29T10:41:50.536983
129,Spirited Away,千と千尋の神隠し,"A young girl, Chihiro, becomes trapped in a strange new world of spirits. When her parents undergo a mysterious transformation, she must call upon the courage she never knew she had to free her family.",2001-07-20,19.3119,8.533,17745,"[16, 10751, 14]",ja,False,/39wmItIWsg5sZMyRUHLkWBcuVCM.jpg,/ukfI9QkU1aIhOhKXYWE9n3z1mFR.jpg,top_rated,"Animation,Family,Fantasy",2001,Excellent,149,https://image.tmdb.org/t/p/w500/39wmItIWsg5sZMyRUHLkWBcuVCM.jpg,2025-12-29T10:41:50.536983
155,The Dark Knight,The Dark Knight,"Batman raises the stakes in his war on crime. With the help of Lt. Jim Gordon and District Attorney Harvey Dent, Batman sets out to dismantle the remaining criminal organizations that plague the streets. The partnership proves to be effective, but they soon find themselves prey to a reign of chaos unleashed by a rising criminal mastermind known to the terrified citizens of Gotham as the Joker.",2008-07-16,26.1945,8.525,34884,"[18, 28, 80, 53]",en,False,/qJ2tW6WMUDux911r6m7haRef0WH.jpg,/dGOZdWOB8OpZFVziEOUFhox5wz9.jpg,"top_rated,trending","Drama,Action,Crime,Thriller",2008,Excellent,123,https://image.tmdb.org/t/p/w500/qJ2tW6WMUDux911r6m7haRef0WH.jpg,2025-12-29T10:41:50.536983
19404,Dilwale Dulhania Le Jayenge,दिलवाले दुल्हनिया ले जायेंगे,"Raj is a rich, carefree, happy-go-lucky second generation NRI. Simran is the daughter of Chaudhary Baldev Singh, who in spite of being an NRI is very strict about adherence to Indian values. Simran has left for India to be married to her childhood fiancé. Raj leaves for India with a mission at his hands, to claim his lady love under the noses of her whole family. Thus begins a saga.",1995-10-20,6.7794,8.515,4530,"[35, 18, 10749]",hi,False,/2CAL2433ZeIihfX1Hb2139CX0pW.jpg,/zQDFHYNVVVp9OAYSixYAG1SyX1l.jpg,top_rated,"Comedy,Drama,Romance",1995,Excellent,196,https://image.tmdb.org/t/p/w500/2CAL2433ZeIihfX1Hb2139CX0pW.jpg,2025-12-29T10:41:50.536983
497,The Green Mile,The Green Mile,"A supernatural tale set on death row in a Southern prison, where gentle giant John Coffey possesses the mysterious power to heal people's ailments. When the cell block's head guard, Paul Edgecomb, recognizes Coffey's miraculous gift, he tries desperately to help stave off the condemned man's execution.",1999-12-10,20.4434,8.5,18649,"[14, 18, 80]",en,False,/o0lO84GI7qrG6XFvtsPOSV7CTNa.jpg,/b6HWTOxn1xevvyHU2K9ICvaRU6g.jpg,top_rated,"Fantasy,Drama,Crime",1999,Excellent,145,https://image.tmdb.org/t/p/w500/o0lO84GI7qrG6XFvtsPOSV7CTNa.jpg,2025-12-29T10:41:50.536983
496243,Parasite,기생충,"All unemployed, Ki-taek's family takes peculiar interest in the wealthy and glamorous Parks for their livelihood until they get entangled in an unexpected incident.",2019-05-30,21.13,8.495,19852,"[35, 53, 18]",ko,False,/7IiTTgloJzvGI1TAYymCfbfl3vT.jpg,/hiKmpZMGZsrkA3cdce8a7Dpos1j.jpg,top_rated,"Comedy,Thriller,Drama",2019,Excellent,140,https://image.tmdb.org/t/p/w500/7IiTTgloJzvGI1TAYymCfbfl3vT.jpg,2025-12-29T10:41:50.536983
122,The Lord of the Rings: The Return of the King,The Lord of the Rings: The Return of the King,"As armies mass for a final battle that will decide the fate of the world--and powerful, ancient forces of Light and Dark compete to determine the outcome--one member of the Fellowship of the Ring is revealed as the noble heir to the throne of the Kings of Men. Yet, the sole hope for triumph over evil lies with a brave hobbit, Frodo, who, accompanied by his loyal friend Sam and the hideous, wretched Gollum, ventures deep into the very dark heart of Mordor on his seemingly impossible quest to destroy the Ring of Power.​",2003-12-17,24.2558,8.491,25780,"[12, 14, 28]",en,False,/rCzpDGLbOoPwLjy3OAm5NUPOTrC.jpg,/2u7zbn8EudG6kLlBzUYqP8RyFU4.jpg,top_rated,"Adventure,Fantasy,Action",2003,Excellent,131,https://image.tmdb.org/t/p/w500/rCzpDGLbOoPwLjy3OAm5NUPOTrC.jpg,2025-12-29T10:41:50.536983
680,Pulp Fiction,Pulp Fiction,"A burger-loving hit man, his philosophical partner, a drug-addled gangster's moll and a washed-up boxer converge in this sprawling, comedic crime caper. Their adventures unfurl in three stories that ingeniously trip back and forth in time.",1994-09-10,20.3999,8.486,29429,"[53, 80, 35]",en,False,/vQWk5YBFWF4bZaofAbv0tShwBvQ.jpg,/suaEOtk1N1sgg2MTM7oZd2cfVp3.jpg,top_rated,"Thriller,Crime,Comedy",1994,Excellent,146,https://image.tmdb.org/t/p/w500/vQWk5YBFWF4bZaofAbv0tShwBvQ.jpg,2025-12-29T10:41:50.536983
372058,Your Name.,君の名は。,"High schoolers Mitsuha and Taki are complete strangers living separate lives. But one night, they suddenly switch places. Mitsuha wakes up in Taki’s body, and he in hers. This bizarre occurrence continues to happen randomly, and the two must adjust their lives around each other.",2016-08-26,20.6368,8.479,12178,"[16, 10749, 18]",ja,False,/q719jXXEzOoYaps6babgKnONONX.jpg,/8x9iKH8kWA0zdkgNdpAew7OstYe.jpg,top_rated,"Animation,Romance,Drama",2016,Excellent,143,https://image.tmdb.org/t/p/w500/q719jXXEzOoYaps6babgKnONONX.jpg,2025-12-29T10:41:50.536983
429,"The Good, the Bad and the Ugly","Il buono, il brutto, il cattivo","While the Civil War rages on between the Union and the Confederacy, three men – a quiet loner, a ruthless hitman, and a Mexican bandit – comb the American Southwest in search of a strongbox containing $200,000 in stolen gold.",1966-12-22,12.8231,8.466,9303,[37],it,False,/bX2xnavhMYjWDoZp1VM6VnU1xwe.jpg,/Adrip2Jqzw56KeuV2nAxucKMNXA.jpg,top_rated,Western,1966,Excellent,172,https://image.tmdb.org/t/p/w500/bX2xnavhMYjWDoZp1VM6VnU1xwe.jpg,2025-12-29T10:41:50.536983
13,Forrest Gump,Forrest Gump,"A man with a low IQ has accomplished great things in his life and been present during significant historic events—in each case, far exceeding what anyone imagined he could do. But despite all he has achieved, his one true love eludes him.",1994-06-23,23.2451,8.462,29004,"[35, 18, 10749]",en,False,/saHP97rTPS5eLmrLQEcANmKrsFl.jpg,/67HggiWaP9ZLv5sPYmyRV37yAJM.jpg,top_rated,"Comedy,Drama,Romance",1994,Excellent,135,https://image.tmdb.org/t/p/w500/saHP97rTPS5eLmrLQEcANmKrsFl.jpg,2025-12-29T10:41:50.536983
769,GoodFellas,GoodFellas,"The true story of Henry Hill, a half-Irish, half-Sicilian Brooklyn kid who is adopted by neighbourhood gangsters at an early age and climbs the ranks of a Mafia family under the guidance of Jimmy Conway.",1990-09-12,18.5446,8.453,13859,"[18, 80]",en,False,/9OkCLM73MIU2CrKZbqiT8Ln1wY2.jpg,/7TF4p86ZafnxFuNqWdhpHXFO244.jpg,top_rated,"Drama,Crime",1990,Excellent,151,https://image.tmdb.org/t/p/w500/9OkCLM73MIU2CrKZbqiT8Ln1wY2.jpg,2025-12-29T10:41:50.536983
346,Seven Samurai,七人の侍,"A samurai answers a village's request for protection after he falls on hard times. The town needs protection from bandits, so the samurai gathers six others to help him teach the people how to defend themselves, and the villagers provide the soldiers with food.",1954-04-26,7.9052,8.452,4061,"[28, 18]",ja,False,/lOMGc8bnSwQhS4XyE1S99uH8NXf.jpg,/qvZ91FwMq6O47VViAr8vZNQz3WI.jpg,top_rated,"Action,Drama",1954,Excellent,195,https://image.tmdb.org/t/p/w500/lOMGc8bnSwQhS4XyE1S99uH8NXf.jpg,2025-12-29T10:41:50.536983
12477,Grave of the Fireflies,火垂るの墓,"In the final months of World War II, 14-year-old Seita and his sister Setsuko are orphaned when their mother is killed during an air raid in Kobe, Japan. After a falling out with their aunt, they move into an abandoned bomb shelter. With no surviving relatives and their emergency rations depleted, Seita and Setsuko struggle to survive.",1988-04-16,0.0096,8.446,6246,"[16, 18, 10752]",ja,False,/k9tv1rXZbOhH7eiCk378x61kNQ1.jpg,/aHaqZpOL7UyVu0nKqp3SMz0o2E1.jpg,top_rated,"Animation,Drama,War",1988,Excellent,243,https://image.tmdb.org/t/p/w500/k9tv1rXZbOhH7eiCk378x61kNQ1.jpg,2025-12-29T10:41:50.536983
637,Life Is Beautiful,La vita è bella,A touching story of an Italian book seller of Jewish ancestry who lives in his own little fairy tale. His creative and happy life would come to an abrupt halt when his entire family is deported to a concentration camp during World War II. While locked up he tries to convince his son that the whole thing is just a game.,1997-12-20,8.947,8.44,13690,"[35, 18]",it,False,/mfnkSeeVOBVheuyn2lo4tfmOPQb.jpg,/6aNKD81RHR1DqUUa8kOZ1TBY1Lp.jpg,top_rated,"Comedy,Drama",1997,Excellent,188,https://image.tmdb.org/t/p/w500/mfnkSeeVOBVheuyn2lo4tfmOPQb.jpg,2025-12-29T10:41:50.536983
550,Fight Club,Fight Club,"A ticking-time-bomb insomniac and a slippery soap salesman channel primal male aggression into a shocking new form of therapy. Their concept catches on, with underground ""fight clubs"" forming in every town, until an eccentric gets in the way and ignites an out-of-control spiral toward oblivion.",1999-10-15,26.1441,8.438,31139,"[18, 53]",en,False,/pB8BM7pdSp6B6Ih7QZ4DrQ3PmJK.jpg,/5TiwfWEaPSwD20uwXjCTUqpQX70.jpg,top_rated,"Drama,Thriller",1999,Excellent,124,https://image.tmdb.org/t/p/w500/pB8BM7pdSp6B6Ih7QZ4DrQ3PmJK.jpg,2025-12-29T10:41:50.536983
14537,Harakiri,切腹,"Down-on-his-luck veteran Tsugumo Hanshirō enters the courtyard of the prosperous House of Iyi. Unemployed, and with no family, he hopes to find a place to commit seppuku—and a worthy second to deliver the coup de grâce in his suicide ritual. The senior counselor for the Iyi clan questions the ronin’s resolve and integrity, suspecting Hanshirō of seeking charity rather than an honorable end. What follows is a pair of interlocking stories which lay bare the difference between honor and respect, and promises to examine the legendary foundations of the Samurai code.",1962-09-15,5.0895,8.436,1139,"[28, 18, 36]",ja,False,/3nPwMd3KviJWaHzG9fZCqlwWMas.jpg,/e3hG3uadtcP0pYdRa5ch4ysQW76.jpg,top_rated,"Action,Drama,History",1962,Excellent,210,https://image.tmdb.org/t/p/w500/3nPwMd3KviJWaHzG9fZCqlwWMas.jpg,2025-12-29T10:41:50.536983
11216,Cinema Paradiso,Nuovo Cinema Paradiso,"A filmmaker recalls his childhood, when he fell in love with the movies at his village's theater and formed a deep friendship with the theater's projectionist.",1988-11-17,6.7402,8.428,4678,"[18, 10749]",it,False,/gCI2AeMV4IHSewhJkzsur5MEp6R.jpg,/zoVeIgKzGJzpdG6Gwnr7iOYfIMU.jpg,top_rated,"Drama,Romance",1988,Excellent,197,https://image.tmdb.org/t/p/w500/gCI2AeMV4IHSewhJkzsur5MEp6R.jpg,2025-12-29T10:41:50.536983
120,The Lord of the Rings: The Fellowship of the Ring,The Lord of the Rings: The Fellowship of the Ring,"Young hobbit Frodo Baggins, after inheriting a mysterious ring from his uncle Bilbo, must leave his home in order to keep it from falling into the hands of its evil creator. Along the way, a fellowship is formed to protect the ringbearer and make sure that the ring arrives at its final destination: Mt. Doom, the only place where it can be destroyed.",2001-12-18,29.6052,8.427,26732,"[12, 14, 28]",en,False,/6oom5QYQ2yQTMJIbnvbkBL9cHo6.jpg,/x2RS3uTcsJJ9IfjNPcgDmukoEcQ.jpg,top_rated,"Adventure,Fantasy,Action",2001,Excellent,111,https://image.tmdb.org/t/p/w500/6oom5QYQ2yQTMJIbnvbkBL9cHo6.jpg,2025-12-29T10:41:50.536983
598,City of God,Cidade de Deus,"In the poverty-stricken favelas of Rio de Janeiro in the 1970s, two young men choose different paths. Rocket is a budding photographer who documents the increasing drug-related violence of his neighborhood, while José “Zé” Pequeno is an ambitious drug dealer diving into a dangerous life of crime.",2002-08-30,8.2352,8.426,7916,"[18, 80]",pt,False,/k7eYdWvhYQyRQoU2TB2A2Xu2TfD.jpg,/uvitbjFU4JqvMwIkMWHp69bmUzG.jpg,top_rated,"Drama,Crime",2002,Excellent,193,https://image.tmdb.org/t/p/w500/k7eYdWvhYQyRQoU2TB2A2Xu2TfD.jpg,2025-12-29T10:41:50.536983
667257,Impossible Things,Cosas imposibles,"After the death of her abusive husband, Matilde finds her new best friend in Miguel, her young, insecure, and disoriented neighbor.",2021-06-17,6.007,8.425,418,"[10751, 18]",es,False,/t2Ew8NZ8Ci2kqmoecZUNQUFDJnQ.jpg,/bxSBOAD8AuMHYMdW3jso9npAkgt.jpg,top_rated,"Family,Drama",2021,Excellent,203,https://image.tmdb.org/t/p/w500/t2Ew8NZ8Ci2kqmoecZUNQUFDJnQ.jpg,2025-12-29T10:41:50.536983
539,Psycho,Psycho,"When larcenous real estate clerk Marion Crane goes on the lam with a wad of cash and hopes of starting a new life, she ends up at the notorious Bates Motel, where manager Norman Bates cares for his housebound mother.",1960-06-22,9.8753,8.42,10688,"[27, 53, 9648]",en,False,/yz4QVqPx3h1hD1DfqqQkCq3rmxW.jpg,/vzXQEAmXIEWAtPCgB81bAS6EJCy.jpg,top_rated,"Horror,Thriller,Mystery",1960,Excellent,183,https://image.tmdb.org/t/p/w500/yz4QVqPx3h1hD1DfqqQkCq3rmxW.jpg,2025-12-29T10:41:50.536983
40096,A Dog's Will,O Auto da Compadecida,"The lively João Grilo and the sly Chicó are poor guys living in the hinterland who cheat a bunch of people in a small town in Northeastern Brazil. When they die, they have to be judged by Christ, the Devil and the Virgin Mary before they are admitted to paradise.",2000-09-15,1.8564,8.418,1193,"[35, 18, 14, 10749]",pt,False,/ctfNJw6gofTjQvhOZeH8QKt0O2x.jpg,/alQqTpmEkxSLgajfEYTsTH6nAKB.jpg,top_rated,"Comedy,Drama,Fantasy,Romance",2000,Excellent,237,https://image.tmdb.org/t/p/w500/ctfNJw6gofTjQvhOZeH8QKt0O2x.jpg,2025-12-29T10:41:50.536983
510,One Flew Over the Cuckoo's Nest,One Flew Over the Cuckoo's Nest,"A petty criminal fakes insanity to serve his sentence in a mental ward rather than prison. He soon finds himself as a leader to the other patients—and an enemy to the cruel, domineering nurse who runs the ward.",1975-11-19,8.4828,8.412,11090,[18],en,False,/kjWsMh72V6d8KRLV4EOoSJLT1H7.jpg,/6Oa3zTiluBz2W8D2ou1MY16dUiF.jpg,top_rated,Drama,1975,Excellent,191,https://image.tmdb.org/t/p/w500/kjWsMh72V6d8KRLV4EOoSJLT1H7.jpg,2025-12-29T10:41:50.536983
121,The Lord of the Rings: The Two Towers,The Lord of the Rings: The Two Towers,"Frodo Baggins and the other members of the Fellowship continue on their sacred quest to destroy the One Ring--but on separate paths. Their destinies lie at two towers--Orthanc Tower in Isengard, where the corrupt wizard Saruman awaits, and Sauron's fortress at Barad-dur, deep within the dark lands of Mordor. Frodo and Sam are trekking to Mordor to destroy the One Ring of Power while Gimli, Legolas and Aragorn search for the orc-captured Merry and Pippin. All along, nefarious wizard Saruman awaits the Fellowship members at the Orthanc Tower in Isengard.",2002-12-18,26.0108,8.411,23206,"[12, 14, 28]",en,False,/5VTN0pR8gcqV3EPUHHfMGnJYN9L.jpg,/kWYfW2Re0rUDE6IHhy4CRuKWeFr.jpg,top_rated,"Adventure,Fantasy,Action",2002,Excellent,125,https://image.tmdb.org/t/p/w500/5VTN0pR8gcqV3EPUHHfMGnJYN9L.jpg,2025-12-29T10:41:50.536983
696374,Gabriel's Inferno,Gabriel's Inferno,"An intriguing and sinful exploration of seduction, forbidden love, and redemption, Gabriel's Inferno is a captivating and wildly passionate tale of one man's escape from his own personal hell as he tries to earn the impossible--forgiveness and love.",2020-05-29,4.1861,8.4,2438,"[10749, 18]",en,False,/oyG9TL7FcRP4EZ9Vid6uKzwdndz.jpg,/nIkcTtuhmkl1GZO2LfZi7SwFz7F.jpg,top_rated,"Romance,Drama",2020,Excellent,214,https://image.tmdb.org/t/p/w500/oyG9TL7FcRP4EZ9Vid6uKzwdndz.jpg,2025-12-29T10:41:50.536983
255709,Hope,소원,"After 8-year-old So-won narrowly survives a brutal sexual assault, her family labors to help her heal while coping with their own rage and grief.",2013-10-02,3.5509,8.4,812,[18],ko,False,/x9yjkm9gIz5qI5fJMUTfBnWiB2o.jpg,/4Nx40jwpoTHPjCWNGoaZ6kaoGxa.jpg,top_rated,Drama,2013,Excellent,222,https://image.tmdb.org/t/p/w500/x9yjkm9gIz5qI5fJMUTfBnWiB2o.jpg,2025-12-29T10:41:50.536983
311,Once Upon a Time in America,Once Upon a Time in America,"A former Prohibition-era Jewish gangster returns to the Lower East Side of Manhattan over thirty years later, where he once again must confront the ghosts and regrets of his old life.",1984-05-23,10.0318,8.396,5820,"[18, 80]",en,False,/i0enkzsL5dPeneWnjl1fCWm6L7k.jpg,/xlDUjb0Q5Dv6jPQRF5VE4IMjIy.jpg,top_rated,"Drama,Crime",1984,Excellent,182,https://image.tmdb.org/t/p/w500/i0enkzsL5dPeneWnjl1fCWm6L7k.jpg,2025-12-29T10:41:50.536983
324857,Spider-Man: Into the Spider-Verse,Spider-Man: Into the Spider-Verse,"Struggling to find his place in the world while juggling school and family, Brooklyn teenager Miles Morales is unexpectedly bitten by a radioactive spider and develops unfathomable powers just like the one and only Spider-Man. While wrestling with the implications of his new abilities, Miles discovers a super collider created by the madman Wilson ""Kingpin"" Fisk, causing others from across the Spider-Verse to be inadvertently transported to his dimension.",2018-12-06,17.0576,8.4,16697,"[16, 28, 12, 878]",en,False,/iiZZdoQBEYBv6id8su7ImL0oCbD.jpg,/8mnXR9rey5uQ08rZAvzojKWbDQS.jpg,top_rated,"Animation,Action,Adventure,Science Fiction",2018,Excellent,152,https://image.tmdb.org/t/p/w500/iiZZdoQBEYBv6id8su7ImL0oCbD.jpg,2025-12-29T10:41:50.536983
1891,The Empire Strikes Back,The Empire Strikes Back,"The epic saga continues as Luke Skywalker, in hopes of defeating the evil Galactic Empire, learns the ways of the Jedi from aging master Yoda. But Darth Vader is more determined than ever to capture Luke. Meanwhile, rebel leader Princess Leia, cocky Han Solo, Chewbacca, and droids C-3PO and R2-D2 are thrown into various stages of capture, betrayal and despair.",1980-05-20,8.7856,8.393,17913,"[12, 28, 878]",en,False,/nNAeTmF4CtdSgMDplXTDPOpYzsX.jpg,/aJCtkxLLzkk1pECehVjKHA2lBgw.jpg,top_rated,"Adventure,Action,Science Fiction",1980,Excellent,190,https://image.tmdb.org/t/p/w500/nNAeTmF4CtdSgMDplXTDPOpYzsX.jpg,2025-12-29T10:41:50.536983
4935,Howl's Moving Castle,ハウルの動く城,"Sophie, a young milliner, is turned into an elderly woman by a witch who enters her shop and curses her. She encounters a wizard named Howl and gets caught up in his resistance to fighting for the king.",2004-09-09,13.9304,8.39,10684,"[14, 16, 12]",ja,False,/13kOl2v0nD2OLbVSHnHk8GUFEhO.jpg,/pjy0T63vIFYvxRSJ3ZtjB4tmWV4.jpg,top_rated,"Fantasy,Animation,Adventure",2004,Excellent,163,https://image.tmdb.org/t/p/w500/13kOl2v0nD2OLbVSHnHk8GUFEhO.jpg,2025-12-29T10:41:50.536983
378064,A Silent Voice: The Movie,映画 聲の形,"Shouya Ishida starts bullying the new girl in class, Shouko Nishimiya, because she is deaf. But as the teasing continues, the rest of the class starts to turn on Shouya for his lack of compassion. When they leave elementary school, Shouko and Shouya do not speak to each other again... until an older, wiser Shouya, tormented by his past behaviour, decides he must see Shouko once more. He wants to atone for his sins, but is it already too late...?",2016-09-17,8.3842,8.385,4297,"[16, 18, 10749]",ja,False,/tuFaWiqX0TXoWu7DGNcmX3UW7sT.jpg,/5lAMQMWpXMsirvtLLvW7cJgEPkU.jpg,top_rated,"Animation,Drama,Romance",2016,Excellent,192,https://image.tmdb.org/t/p/w500/tuFaWiqX0TXoWu7DGNcmX3UW7sT.jpg,2025-12-29T10:41:50.536983
423,The Pianist,The Pianist,"The true story of pianist Władysław Szpilman's experiences in Warsaw during the Nazi occupation. When the Jews of the city find themselves forced into a ghetto, Szpilman finds work playing in a café; and when his family is deported in 1942, he stays behind, works for a while as a laborer, and eventually goes into hiding in the ruins of the war-torn city.",2002-09-17,9.3723,8.379,9814,"[18, 10752]",en,False,/2hFvxCCWrTmCYwfy7yum0GKRi3Y.jpg,/1XqIhsqnAozznGhxlGdI0GPcCro.jpg,top_rated,"Drama,War",2002,Excellent,185,https://image.tmdb.org/t/p/w500/2hFvxCCWrTmCYwfy7yum0GKRi3Y.jpg,2025-12-29T10:41:50.536983
807,Se7en,Se7en,"Two homicide detectives are on a desperate hunt for a serial killer whose crimes are based on the ""seven deadly sins"" in this dark and haunting film that takes viewers from the tortured remains of one victim to the next. The seasoned Det. Somerset researches each sin in an effort to get inside the killer's mind, while his novice partner, Mills, scoffs at his efforts to unravel the case.",1995-09-22,18.5556,8.378,22397,"[80, 9648, 53]",en,False,/191nKfP0ehp3uIvWqgPbFmI4lv9.jpg,/hkKTtlHjiVUW5XRfkQfl3FmJUfX.jpg,top_rated,"Crime,Mystery,Thriller",1995,Excellent,150,https://image.tmdb.org/t/p/w500/191nKfP0ehp3uIvWqgPbFmI4lv9.jpg,2025-12-29T10:41:50.536983
244786,Whiplash,Whiplash,"Under the direction of a ruthless instructor, a talented young drummer begins to pursue perfection at any cost, even his humanity.",2014-10-10,13.8591,8.376,16147,"[18, 10402]",en,False,/7fn624j5lj3xTme2SgiLCeuedmO.jpg,/1kuYEvLkX2nTkbfzN6X0w0xQFQU.jpg,top_rated,"Drama,Music",2014,Excellent,165,https://image.tmdb.org/t/p/w500/7fn624j5lj3xTme2SgiLCeuedmO.jpg,2025-12-29T10:41:50.536983
27205,Inception,Inception,"Cobb, a skilled thief who commits corporate espionage by infiltrating the subconscious of his targets is offered a chance to regain his old life as payment for a task considered to be impossible: ""inception"", the implantation of another person's idea into a target's subconscious.",2010-07-15,33.4687,8.371,38404,"[28, 878, 12]",en,False,/xlaY2zyzMfkhk0HSC5VUwzoZPU1.jpg,/ii8QGacT3MXESqBckQlyrATY0lT.jpg,"top_rated,trending","Action,Science Fiction,Adventure",2010,Excellent,105,https://image.tmdb.org/t/p/w500/xlaY2zyzMfkhk0HSC5VUwzoZPU1.jpg,2025-12-29T10:41:50.536983
770156,Lucy Shimmers and the Prince of Peace,Lucy Shimmers and the Prince of Peace,Second chances start when a hardened criminal crosses paths with a precocious little girl who is helped by an angel to change hearts during the holiday season.,2020-10-19,3.5675,8.37,331,"[18, 10751]",en,False,/yfnJ5qIYx7q33fY4jqv9Pu95RSg.jpg,/7jS69IM8bK7ooOWGFmM9G6JcenO.jpg,top_rated,"Drama,Family",2020,Excellent,220,https://image.tmdb.org/t/p/w500/yfnJ5qIYx7q33fY4jqv9Pu95RSg.jpg,2025-12-29T10:41:50.536983
724089,Gabriel's Inferno: Part II,Gabriel's Inferno: Part II,"Professor Gabriel Emerson finally learns the truth about Julia Mitchell's identity, but his realization comes a moment too late. Julia is done waiting for the well-respected Dante specialist to remember her and wants nothing more to do with him. Can Gabriel win back her heart before she finds love in another's arms?",2020-07-31,1.2894,8.4,1534,"[10749, 18]",en,False,/x5o8cLZfEXMoZczTYWLrUo1P7UJ.jpg,/jtAI6OJIWLWiRItNSZoWjrsUtmi.jpg,top_rated,"Romance,Drama",2020,Excellent,238,https://image.tmdb.org/t/p/w500/x5o8cLZfEXMoZczTYWLrUo1P7UJ.jpg,2025-12-29T10:41:50.536983
761053,Gabriel's Inferno: Part III,Gabriel's Inferno: Part III,The final part of the film adaption of the erotic romance novel Gabriel's Inferno written by an anonymous Canadian author under the pen name Sylvain Reynard.,2020-11-19,3.2594,8.4,1071,"[10749, 18]",en,False,/fYtHxTxlhzD4QWfEbrC1rypysSD.jpg,/fQq1FWp1rC89xDrRMuyFJdFUdMd.jpg,top_rated,"Romance,Drama",2020,Excellent,225,https://image.tmdb.org/t/p/w500/fYtHxTxlhzD4QWfEbrC1rypysSD.jpg,2025-12-29T10:41:50.536983
1058694,Radical,Radical,"In a Mexican border town plagued by neglect, corruption, and violence, a frustrated teacher tries an unorthodox new method to break through his students’ apathy and unlock their curiosity, their potential... and perhaps even their genius.",2023-10-19,2.6994,8.355,483,[18],es,False,/lOAJYpX608aT0ApIv63ZTnol27Y.jpg,/gutU32BiBxJvJdzLv5RWC9hQhNh.jpg,top_rated,Drama,2023,Excellent,231,https://image.tmdb.org/t/p/w500/lOAJYpX608aT0ApIv63ZTnol27Y.jpg,2025-12-29T10:41:50.536983
12493,High and Low,天国と地獄,A Yokohama shoe executive faces a wrenching choice when kidnappers mistakenly seize his chauffeur’s son but demand the ransom anyway.,1963-03-01,3.9814,8.35,1058,"[18, 80]",ja,False,/tgNjemQPG96uIezpiUiXFcer5ga.jpg,/A62quSOB8otoZvGiLvMVZ9G4BiO.jpg,top_rated,"Drama,Crime",1963,Excellent,215,https://image.tmdb.org/t/p/w500/tgNjemQPG96uIezpiUiXFcer5ga.jpg,2025-12-29T10:41:50.536983
567,Rear Window,Rear Window,A wheelchair-bound photographer spies on his neighbors from his apartment window and becomes convinced one of them has committed murder.,1954-09-01,5.7607,8.348,6929,"[53, 9648]",en,False,/ILVF0eJxHMddjxeQhswFtpMtqx.jpg,/zGs5tZOlvc9cprdcU6kDOVNpujf.jpg,top_rated,"Thriller,Mystery",1954,Excellent,204,https://image.tmdb.org/t/p/w500/ILVF0eJxHMddjxeQhswFtpMtqx.jpg,2025-12-29T10:41:50.536983
274,The Silence of the Lambs,The Silence of the Lambs,"Clarice Starling is a top student at the FBI's training academy.  Jack Crawford wants Clarice to interview Dr. Hannibal Lecter, a brilliant psychiatrist who is also a violent psychopath, serving life behind bars for various acts of murder and cannibalism.  Crawford believes that Lecter may have insight into a case and that Starling, as an attractive young woman, may be just the bait to draw him out.",1991-02-14,3.5618,8.345,17373,"[80, 53, 18]",en,False,/uS9m8OBk1A8eM9I042bx8XXpqAq.jpg,/aYcnDyLMnpKce1FOYUpZrXtgUye.jpg,top_rated,"Crime,Thriller,Drama",1991,Excellent,221,https://image.tmdb.org/t/p/w500/uS9m8OBk1A8eM9I042bx8XXpqAq.jpg,2025-12-29T10:41:50.536983
569094,Spider-Man: Across the Spider-Verse,Spider-Man: Across the Spider-Verse,"After reuniting with Gwen Stacy, Brooklyn’s full-time, friendly neighborhood Spider-Man is catapulted across the Multiverse, where he encounters the Spider Society, a team of Spider-People charged with protecting the Multiverse's very existence. But when the heroes clash on how to handle a new threat, Miles finds himself pitted against the other Spiders and must set out on his own to save those he loves most.",2023-05-31,28.5711,8.337,8119,"[16, 28, 12, 878]",en,False,/8Vt6mWEReuy4Of61Lnj5Xj704m8.jpg,/9xfDWXAUbFXQK585JvByT5pEAhe.jpg,top_rated,"Animation,Action,Adventure,Science Fiction",2023,Excellent,115,https://image.tmdb.org/t/p/w500/8Vt6mWEReuy4Of61Lnj5Xj704m8.jpg,2025-12-29T10:41:50.536983
73,American History X,American History X,"Derek Vineyard is paroled after serving 3 years in prison for killing two African-American men. Through his brother, Danny Vineyard's narration, we learn that before going to prison, Derek was a skinhead and the leader of a violent white supremacist gang that committed acts of racial crime throughout L.A. and his actions greatly influenced Danny. Reformed and fresh out of prison, Derek severs contact with the gang and becomes determined to keep Danny from going down the same violent path as he did.",1998-07-01,6.7277,8.33,12217,[18],en,False,/x2drgoXYZ8484lqyDj7L1CEVR4T.jpg,/6qHI1IYj7QlLSCwHRzkL62X175s.jpg,top_rated,Drama,1998,Excellent,198,https://image.tmdb.org/t/p/w500/x2drgoXYZ8484lqyDj7L1CEVR4T.jpg,2025-12-29T10:41:50.536983
620249,The Legend of Hei,罗小黑战记,"When cat spirit Luo Xiaohei's home is deforested by humans, he must find a new one. He runs into a group of other spirit creatures who take him under their wing with dreams of reconquering the land they say is rightfully theirs. However, they run into a human known as Wuxian who separates Luo Xiaohei from the other spirits and the two go on a journey, with the cat spirit learning to control his abilities as well as forming his own thoughts on whether or not he should ally with the spirits or the humans.",2019-08-27,5.5323,8.319,429,"[16, 14, 28]",zh,False,/4jfbKKLpqts3i2h2obkrONcjTg1.jpg,/aVFx1VtlOxR3v0ADEatalXOvwbu.jpg,top_rated,"Animation,Fantasy,Action",2019,Excellent,207,https://image.tmdb.org/t/p/w500/4jfbKKLpqts3i2h2obkrONcjTg1.jpg,2025-12-29T10:41:50.536983
128,Princess Mononoke,もののけ姫,"Ashitaka, a prince of the disappearing Emishi people, is cursed by a demonized boar god and must journey to the west to find a cure. Along the way, he encounters San, a young human woman fighting to protect the forest, and Lady Eboshi, who is trying to destroy it. Ashitaka must find a way to bring balance to this conflict.",1997-07-12,10.6751,8.323,8659,"[12, 14, 16]",ja,False,/cMYCDADoLKLbB83g4WnJegaZimC.jpg,/gl0jzn4BupSbL2qMVeqrjKkF9Js.jpg,top_rated,"Adventure,Fantasy,Animation",1997,Excellent,181,https://image.tmdb.org/t/p/w500/cMYCDADoLKLbB83g4WnJegaZimC.jpg,2025-12-29T10:41:50.536983
820067,The Quintessential Quintuplets Movie,映画 五等分の花嫁,"When five lovely young girls who hate studying hire part-time tutor Futaro, he guides not only their education but also their hearts. Time spent has brought them all closer, with feelings growing within the girls and Futaro. As they finish their third year of high school and their last school festival approaches, they set their sights on what’s next. Is there a future with one of them and Futaro?",2022-05-20,3.4297,8.322,427,"[16, 35, 10749]",ja,False,/sg7klpt1xwK1IJirBI9EHaqQwJ5.jpg,/gcgKSyE2iqwfKWMDZ8TJPxeIu0P.jpg,top_rated,"Animation,Comedy,Romance",2022,Excellent,223,https://image.tmdb.org/t/p/w500/sg7klpt1xwK1IJirBI9EHaqQwJ5.jpg,2025-12-29T10:41:50.536983
105,Back to the Future,Back to the Future,"Eighties teenager Marty McFly is accidentally sent back in time to 1955, inadvertently disrupting his parents' first meeting and attracting his mother's romantic interest. Marty must repair the damage to history by rekindling his parents' romance and - with the help of his eccentric inventor friend Doc Brown - return to 1985.",1985-07-03,20.6302,8.3,21190,"[12, 35, 878]",en,False,/vN5B5WgYscRGcQpVhHl6p9DDTP0.jpg,/pZCLGHynFPOv8dve6u9waxknLth.jpg,top_rated,"Adventure,Comedy,Science Fiction",1985,Excellent,144,https://image.tmdb.org/t/p/w500/vN5B5WgYscRGcQpVhHl6p9DDTP0.jpg,2025-12-29T10:41:50.536983
1184918,The Wild Robot,The Wild Robot,"After a shipwreck, an intelligent robot called Roz is stranded on an uninhabited island. To survive the harsh environment, Roz bonds with the island's animals and cares for an orphaned baby goose.",2024-09-12,19.4182,8.318,5585,"[16, 878, 10751, 12, 18]",en,False,/wTnV3PCVW5O92JMrFvvrRcV39RU.jpg,/1pmXyN3sKeYoUhu5VBZiDU4BX21.jpg,top_rated,"Animation,Science Fiction,Family,Adventure,Drama",2024,Excellent,148,https://image.tmdb.org/t/p/w500/wTnV3PCVW5O92JMrFvvrRcV39RU.jpg,2025-12-29T10:41:50.536983
3782,Ikiru,生きる,"Kanji Watanabe is a middle-aged man who has worked in the same monotonous bureaucratic position for decades. Learning he has cancer, he starts to look for the meaning of his life.",1952-10-09,3.9474,8.316,1264,[18],ja,False,/dgNTS4EQDDVfkzJI5msKuHu2Ei3.jpg,/stiGp1XzkLSYdUUEWTyQOZRkr49.jpg,top_rated,Drama,1952,Excellent,216,https://image.tmdb.org/t/p/w500/dgNTS4EQDDVfkzJI5msKuHu2Ei3.jpg,2025-12-29T10:41:50.536983
372754,Dou kyu sei – Classmates,同級生,"Rihito Sajo, an honor student with a perfect score on the entrance exam and Hikaru Kusakabe, in a band and popular among girls, would have never crossed paths. Until one day they started talking at the practice for their school’s upcoming chorus festival. After school, the two meet regularly, as Hikaru helps Rihito to improve his singing skills. While they listen to each other’s voice and harmonize, their hearts start to beat together.",2016-02-20,2.1047,8.3,420,"[10749, 16]",ja,False,/cIfRCA5wEvj9tApca4UDUagQEiM.jpg,/tLmyP7akYmxLwyfTEt2qyj2sOR3.jpg,top_rated,"Romance,Animation",2016,Excellent,235,https://image.tmdb.org/t/p/w500/cIfRCA5wEvj9tApca4UDUagQEiM.jpg,2025-12-29T10:41:50.536983
207,Dead Poets Society,Dead Poets Society,"At an elite, old-fashioned boarding school in New England, a passionate English teacher inspires his students to rebel against convention and seize the potential of every day, courting the disdain of the stern headmaster.",1989-06-02,12.585,8.302,12125,[18],en,False,/erzbMlcNHOdx24AXOcn2ZKA7R1q.jpg,/rSzDfniDjqh2TIP9uH7rwi2iRy3.jpg,top_rated,Drama,1989,Excellent,176,https://image.tmdb.org/t/p/w500/erzbMlcNHOdx24AXOcn2ZKA7R1q.jpg,2025-12-29T10:41:50.536983
101,Léon: The Professional,Léon,"Léon, the top hit man in New York, has earned a rep as an effective ""cleaner"". But when his next-door neighbors are wiped out by a loose-cannon DEA agent, he becomes the unwilling custodian of 12-year-old Mathilda. Before long, Mathilda's thoughts turn to revenge, and she considers following in Léon's footsteps.",1994-09-14,13.536,8.299,15638,"[80, 18, 28]",fr,False,/bxB2q91nKYp8JNzqE7t7TWBVupB.jpg,/2hS80sTgsSmK0T61bd5J9YBc52k.jpg,top_rated,"Crime,Drama,Action",1994,Excellent,167,https://image.tmdb.org/t/p/w500/bxB2q91nKYp8JNzqE7t7TWBVupB.jpg,2025-12-29T10:41:50.536983
10494,Perfect Blue,PERFECT BLUE,"Rising pop star Mima quits singing to pursue a career as an actress. After she takes up a role on a popular detective show, her handlers and collaborators begin turning up murdered. Harboring feelings of guilt and haunted by visions of her former self, Mima's reality and fantasy meld into a frenzied paranoia.",1998-02-28,7.962,8.298,3008,"[16, 53]",ja,False,/6WTiOCfDPP8XV4jqfloiVWf7KHq.jpg,/1YRtgjLb5xxUb2rsNRnr54Oc0B2.jpg,top_rated,"Animation,Thriller",1998,Excellent,194,https://image.tmdb.org/t/p/w500/6WTiOCfDPP8XV4jqfloiVWf7KHq.jpg,2025-12-29T10:41:50.536983
533514,Violet Evergarden: The Movie,劇場版 ヴァイオレット・エヴァーガーデン,"As the world moves on from the war and technological advances bring changes to her life, Violet still hopes to see her lost commanding officer again.",2020-09-18,3.657,8.294,473,"[16, 14, 10749, 18]",ja,False,/4b7uAGVtgA85Yd911yOJqIsHigx.jpg,/wGwSWDG3LIQxchg2M8HV7bDqYKU.jpg,top_rated,"Animation,Fantasy,Romance,Drama",2020,Excellent,218,https://image.tmdb.org/t/p/w500/4b7uAGVtgA85Yd911yOJqIsHigx.jpg,2025-12-29T10:41:50.536983
15804,A Brighter Summer Day,牯嶺街少年殺人事件,"A boy experiences first love, friendships and injustices growing up in 1960s Taiwan.",1991-07-27,3.5807,8.295,366,"[80, 18, 10749]",zh,False,/rDZ2mNQkZrnSzHPLQ7SzhzgCSoj.jpg,/2LMgkmtnmhjUHvFXNDruHzrUFKK.jpg,top_rated,"Crime,Drama,Romance",1991,Excellent,219,https://image.tmdb.org/t/p/w500/rDZ2mNQkZrnSzHPLQ7SzhzgCSoj.jpg,2025-12-29T10:41:50.536983
652837,"Josee, the Tiger and the Fish",ジョゼと虎と魚たち,"With dreams of diving abroad, Tsuneo gets a job assisting Josee, an artist whose imagination takes her far beyond her wheelchair. But when the tide turns against them, they push each other to places they never thought possible, and inspire a love fit for a storybook.",2020-12-25,2.5702,8.3,552,"[16, 18, 10749]",ja,False,/z1D8xi9x4uEhyFruo7uEHXUMD4K.jpg,/nVsDAvaMMwComtLBuRIzclGUcXF.jpg,top_rated,"Animation,Drama,Romance",2020,Excellent,233,https://image.tmdb.org/t/p/w500/z1D8xi9x4uEhyFruo7uEHXUMD4K.jpg,2025-12-29T10:41:50.536983
914,The Great Dictator,The Great Dictator,Dictator Adenoid Hynkel tries to expand his empire while a poor Jewish barber tries to avoid persecution from Hynkel's regime.,1940-10-15,2.8592,8.3,3574,"[35, 10752]",en,False,/1QpO9wo7JWecZ4NiBuu625FiY1j.jpg,/c8Pi8F1FzpNebtgXcSjC9nWCdSW.jpg,top_rated,"Comedy,War",1940,Excellent,230,https://image.tmdb.org/t/p/w500/1QpO9wo7JWecZ4NiBuu625FiY1j.jpg,2025-12-29T10:41:50.536983
599,Sunset Boulevard,Sunset Boulevard,A hack screenwriter writes a screenplay for a former silent film star who has faded into Hollywood obscurity.,1950-08-10,4.446,8.288,2811,[18],en,False,/oOZIN0sbRNLKQC4RRCQnmAx1PlV.jpg,/p47ihFj4A7EpBjmPHdTj4ipyq1S.jpg,top_rated,Drama,1950,Excellent,213,https://image.tmdb.org/t/p/w500/oOZIN0sbRNLKQC4RRCQnmAx1PlV.jpg,2025-12-29T10:41:50.536983
644479,Dedicated to my ex,Dedicada A Mi Ex,"The film tells the story of Ariel, a 21-year-old who decides to form a rock band to compete for a prize of ten thousand dollars in a musical band contest, this as a last option when trying to get money to save their relationship and reunite with his ex-girlfriend, which breaks due to the trip she must make to Finland for an internship. Ariel with her friend Ortega, decides to make a casting to find the other members of the band, although they do not know nothing about music, thus forming a band with members that have diverse and opposite personalities.",2019-11-01,0.7437,8.3,513,"[18, 35]",es,False,/xc4bTXVwYNXi10jG9dwcaYt5IpU.jpg,/1fOsyhVz5qyX2rl1qqX6KImVhTx.jpg,top_rated,"Drama,Comedy",2019,Excellent,242,https://image.tmdb.org/t/p/w500/xc4bTXVwYNXi10jG9dwcaYt5IpU.jpg,2025-12-29T10:41:50.536983
42269,We All Loved Each Other So Much,C'eravamo tanto amati,"Three partisans bound by a strong friendship return home after the war, but the clash with everyday reality puts a strain on their bond.",1974-12-21,1.1564,8.286,626,"[18, 35]",it,False,/zGGWYpiKNwjpKxelPxOMqJnUgDs.jpg,/2Kkqmy3EpXqBDqv1vvsNXX3pwww.jpg,top_rated,"Drama,Comedy",1974,Excellent,239,https://image.tmdb.org/t/p/w500/zGGWYpiKNwjpKxelPxOMqJnUgDs.jpg,2025-12-29T10:41:50.536983
3082,Modern Times,Modern Times,"A bumbling tramp desires to build a home with a young woman, yet is thwarted time and time again by his lack of experience and habit of being in the wrong place at the wrong time..",1936-02-05,3.0594,8.284,3941,"[35, 18, 10749]",en,False,/eqLVa5YQg5FmmDi3vbm46KgcPDq.jpg,/vzKzz7ObY3zNIV4ZYFY6Ib3X6ig.jpg,top_rated,"Comedy,Drama,Romance",1936,Excellent,228,https://image.tmdb.org/t/p/w500/eqLVa5YQg5FmmDi3vbm46KgcPDq.jpg,2025-12-29T10:41:50.536983
335,Once Upon a Time in the West,C'era una volta il West,"As the railroad builders advance unstoppably through the Arizona desert on their way to the sea, Jill arrives in the small town of Flagstone with the intention of starting a new life.",1968-12-21,9.7334,8.283,4713,"[18, 37]",it,False,/qbYgqOczabWNn2XKwgMtVrntD6P.jpg,/aKZ9hDmLJTaGSxWdhxqMTcvXmk4.jpg,top_rated,"Drama,Western",1968,Excellent,184,https://image.tmdb.org/t/p/w500/qbYgqOczabWNn2XKwgMtVrntD6P.jpg,2025-12-29T10:41:50.536983
1139087,Once Upon a Studio,Once Upon a Studio,"Created for Disney's 100th anniversary, the short features Mickey Mouse corralling a gallery of legendary Disney characters for a group photo.",2023-09-24,2.9707,8.3,410,"[16, 10751, 14, 35]",en,False,/aiy3G1cYWV3LgKZHY6a3jL8bjYL.jpg,/hUeSuUxNyQivx2wrRvGoyZiZDUu.jpg,top_rated,"Animation,Family,Fantasy,Comedy",2023,Excellent,229,https://image.tmdb.org/t/p/w500/aiy3G1cYWV3LgKZHY6a3jL8bjYL.jpg,2025-12-29T10:41:50.536983
1356039,Counterattack,Contraataque,"When a hostage rescue mission creates a new enemy, Capt. Guerrero and his elite soldiers must face an ambush by a criminal group.",2025-02-27,9.1664,8.276,770,"[28, 12, 53]",es,False,/38I76hGcFY6xB47pjm7pZwkfuAF.jpg,/deUWVEgNh2IGjShyymZhaYP40ye.jpg,top_rated,"Action,Adventure,Thriller",2025,Excellent,186,https://image.tmdb.org/t/p/w500/38I76hGcFY6xB47pjm7pZwkfuAF.jpg,2025-12-29T10:41:50.536983
1186532,The Forge,The Forge,"19 year old Isaiah Wright lives for basketball and video games. A year out of high school, he has no job, no plans, and no idea how to be a man. At odds with his single mother Cynthia, Isaiah is given an ultimatum – to step up or move out. Feeling the pull from his friends and the push from his mom, Isaiah is hired by Moore Fitness, unaware of how the owner will personally impact his life. With the prayers of his mother and unexpected guidance from his new mentor, Isaiah is forced to deal with his past, sacrifice his selfishness and discover how God might have a greater purpose for his life.",2024-08-22,4.8246,8.276,310,"[18, 10751]",en,False,/oranxontIQRmhuyQlkoAwxpeBYz.jpg,/18X5mXS1SpQy5rygEcpbmzUdkVP.jpg,top_rated,"Drama,Family",2024,Excellent,212,https://image.tmdb.org/t/p/w500/oranxontIQRmhuyQlkoAwxpeBYz.jpg,2025-12-29T10:41:50.536983
1585,It's a Wonderful Life,It's a Wonderful Life,"A holiday favourite for generations...  George Bailey has spent his entire life giving to the people of Bedford Falls.  All that prevents rich skinflint Mr. Potter from taking over the entire town is George's modest building and loan company.  But on Christmas Eve the business's $8,000 is lost and George's troubles begin.",1946-12-20,27.1804,8.275,4698,"[18, 10751, 14]",en,False,/mV3VcmMJN6Zwahj42dy9WwPUyRI.jpg,/3q35nBLCIdEbxYfsr7D5ocYQXKz.jpg,top_rated,"Drama,Family,Fantasy",1946,Excellent,120,https://image.tmdb.org/t/p/w500/mV3VcmMJN6Zwahj42dy9WwPUyRI.jpg,2025-12-29T10:41:50.536983
77338,The Intouchables,Intouchables,A true story of two men who should never have met – a quadriplegic aristocrat who was injured in a paragliding accident and a young man from the projects.,2011-11-02,14.8053,8.271,18019,"[18, 35]",fr,False,/i97FM40bOMKvKIo3hjQviETE5yf.jpg,/q6OGlZ1KMEb14AC8KbPCxyNOal6.jpg,top_rated,"Drama,Comedy",2011,Excellent,159,https://image.tmdb.org/t/p/w500/i97FM40bOMKvKIo3hjQviETE5yf.jpg,2025-12-29T10:41:50.536983
92321,Hotarubi no Mori e,蛍火の杜へ,"One hot summer day a little girl gets lost in an enchanted forest of the mountain god where spirits reside. A young boy appears before her, but she cannot touch him for fear of making him disappear. And so a wondrous adventure awaits...",2011-09-17,0.0044,8.267,1187,"[10749, 16, 14]",ja,False,/mDqzHV8UXWWNpZkoAbKmKX1ZxEE.jpg,/qknxyRgP6UTmwJ4B9tDAmzHMq7u.jpg,top_rated,"Romance,Animation,Fantasy",2011,Excellent,244,https://image.tmdb.org/t/p/w500/mDqzHV8UXWWNpZkoAbKmKX1ZxEE.jpg,2025-12-29T10:41:50.536983
18491,Neon Genesis Evangelion: The End of Evangelion,新世紀エヴァンゲリオン劇場版 Air／まごころを、君に,"SEELE orders an all-out attack on NERV, aiming to destroy the Evas before Gendo can advance his own plans for the Human Instrumentality Project. Shinji is pushed to the limits of his sanity as he is forced to decide the fate of humanity.",1997-07-19,6.7058,8.269,1759,"[16, 878, 18, 14]",ja,False,/j6G24dqI4WgUtChhWjfnI4lnmiK.jpg,/xLMJCCSatxENpHO9rLW9yD8A12C.jpg,top_rated,"Animation,Science Fiction,Drama,Fantasy",1997,Excellent,199,https://image.tmdb.org/t/p/w500/j6G24dqI4WgUtChhWjfnI4lnmiK.jpg,2025-12-29T10:41:50.536983
28,Apocalypse Now,Apocalypse Now,"At the height of the Vietnam war, Captain Benjamin Willard is sent on a dangerous mission that, officially, ""does not exist, nor will it ever exist."" His goal is to locate - and eliminate - a mysterious Green Beret Colonel named Walter Kurtz, who has been leading his personal army on illegal guerrilla missions into enemy territory.",1979-05-19,8.932,8.268,8779,"[18, 10752]",en,False,/gQB8Y5RCMkv2zwzFHbUJX3kAhvA.jpg,/eN5G8vTWLnZxJ0LTd4g27oPObcZ.jpg,top_rated,"Drama,War",1979,Excellent,189,https://image.tmdb.org/t/p/w500/gQB8Y5RCMkv2zwzFHbUJX3kAhvA.jpg,2025-12-29T10:41:50.536983
901,City Lights,City Lights,A tramp falls in love with a beautiful blind flower girl. His on-and-off friendship with a wealthy man allows him to be the girl's benefactor and suitor.,1931-02-06,2.6974,8.262,2363,"[35, 18, 10749]",en,False,/bXNvzjULc9jrOVhGfjcc64uKZmZ.jpg,/aSksN0VqrRyXkcJPDqGL6S3gxpl.jpg,top_rated,"Comedy,Drama,Romance",1931,Excellent,232,https://image.tmdb.org/t/p/w500/bXNvzjULc9jrOVhGfjcc64uKZmZ.jpg,2025-12-29T10:41:50.536983
975,Paths of Glory,Paths of Glory,A commanding officer defends three scapegoats on trial for a failed offensive that occurred within the French Army in 1916.,1957-10-25,4.9748,8.26,3154,"[10752, 18]",en,False,/p7OHwomA8UOhe3EhckF2IetBTh9.jpg,/eTZkq5tI58Ec76AwPf1HOUoKtky.jpg,top_rated,"War,Drama",1957,Excellent,211,https://image.tmdb.org/t/p/w500/p7OHwomA8UOhe3EhckF2IetBTh9.jpg,2025-12-29T10:41:50.536983
632632,Given,映画 ギヴン,"Haruki secretly had feelings for Akihiko for years, but Akihiko was still in a relationship with his roommate, the violinist Ugetsu Murata. Haruki, Akihiko, and Ugetsu's love clashes and starts to move forward.",2020-08-22,1.9359,8.3,410,"[16, 18, 10402, 10749]",ja,False,/pegCub2zdYD5As43AOmGsIctuKc.jpg,/9Xz0bzUFTVgDZd4WZz1cJDQjLkB.jpg,top_rated,"Animation,Drama,Music,Romance",2020,Excellent,236,https://image.tmdb.org/t/p/w500/pegCub2zdYD5As43AOmGsIctuKc.jpg,2025-12-29T10:41:50.536983
8587,The Lion King,The Lion King,"Young lion prince Simba, eager to one day become king of the Pride Lands, grows up under the watchful eye of his father Mufasa; all the while his villainous uncle Scar conspires to take the throne for himself. Amid betrayal and tragedy, Simba must confront his past and find his rightful place in the Circle of Life.",1994-06-15,16.8741,8.3,19223,"[10751, 16, 18, 12]",en,False,/sKCr78MXSLixwmZ8DyJLrpMsd15.jpg,/q00H8EqULYSK74lgevMkhmGGLHn.jpg,top_rated,"Family,Animation,Drama,Adventure",1994,Excellent,153,https://image.tmdb.org/t/p/w500/sKCr78MXSLixwmZ8DyJLrpMsd15.jpg,2025-12-29T10:41:50.536983
637920,Miracle in Cell No. 7,7. Koğuştaki Mucize,"Separated from his daughter, a father with an intellectual disability must prove his innocence when he is jailed for the death of a commander's child.",2019-10-10,6.3631,8.255,4507,[18],tr,False,/bOth4QmNyEkalwahfPCfiXjNh1r.jpg,/inEy3A5OPgeYW4rjRiGycfEeQzA.jpg,top_rated,Drama,2019,Excellent,200,https://image.tmdb.org/t/p/w500/bOth4QmNyEkalwahfPCfiXjNh1r.jpg,2025-12-29T10:41:50.536983
654299,Out of the Clear Blue Sky,Como caído del cielo,"Returning to Earth as an imitator, the legendary Mexican artist Pedro Infante must prove that he is no longer a womanizer to enter paradise.",2019-12-24,0.8218,8.248,371,"[35, 18, 10402]",es,False,/xg6QZdlHrq2dtSK8cfnQQMnmpeY.jpg,/o33acwn7KliNpJRbjy4FrMSpiQ9.jpg,top_rated,"Comedy,Drama,Music",2019,Excellent,241,https://image.tmdb.org/t/p/w500/xg6QZdlHrq2dtSK8cfnQQMnmpeY.jpg,2025-12-29T10:41:50.536983
10376,The Legend of 1900,La leggenda del pianista sull'oceano,"The story of a virtuoso piano player who lives his entire life aboard an ocean liner. Born and raised on the ship, 1900 learned about the outside world through interactions with passengers, never setting foot on land, even for the love of his life. Years later, the ship may be destroyed, and a former band member fears that 1900 may still be aboard, willing to go down with the ship.",1998-10-28,3.9195,8.246,2376,"[18, 10402]",it,False,/iOcbJ5pxokOPDRgieVDbsFMrCc6.jpg,/muSeX7fnNw0pv4zHK7RSwZln6Hk.jpg,top_rated,"Drama,Music",1998,Excellent,217,https://image.tmdb.org/t/p/w500/iOcbJ5pxokOPDRgieVDbsFMrCc6.jpg,2025-12-29T10:41:50.536983
572154,Rascal Does Not Dream of a Dreaming Girl,青春ブタ野郎はゆめみる少女の夢を見ない,"In Fujisawa, Sakuta Azusagawa is in his second year of high school. Blissful days with his girlfriend and upperclassman, Mai Sakurajima, are interrupted by the appearance of his first crush, Shoko Makinohara.",2019-06-15,3.0886,8.245,570,"[16, 10749, 18, 14]",ja,False,/jg73umEpBHT7l4DBmV5bR78H1JI.jpg,/5MgMCnslrxQfOfaq6T5ndkLlcCk.jpg,top_rated,"Animation,Romance,Drama,Fantasy",2019,Excellent,227,https://image.tmdb.org/t/p/w500/jg73umEpBHT7l4DBmV5bR78H1JI.jpg,2025-12-29T10:41:50.536983
504253,I Want to Eat Your Pancreas,君の膵臓をたべたい,"After his classmate and crush is diagnosed with a pancreatic disease, an average high schooler sets out to make the most of her final days.",2018-09-01,5.6419,8.244,1698,"[16, 18, 10749]",ja,False,/qDWA7fB4cZ4sBP6YgwlxvraDHi7.jpg,/YLyORLsYIjC0d1TFBSpJKk7piP.jpg,top_rated,"Animation,Drama,Romance",2018,Excellent,206,https://image.tmdb.org/t/p/w500/qDWA7fB4cZ4sBP6YgwlxvraDHi7.jpg,2025-12-29T10:41:50.536983
670,Oldboy,올드보이,"With no clue how he came to be imprisoned, drugged and tortured for 15 years, a desperate man seeks revenge on his captors.",2003-11-21,13.7842,8.244,9420,"[18, 53, 9648, 28]",ko,False,/pWDtjs568ZfOTMbURQBYuT4Qxka.jpg,/sdwjQEM869JFwMytTmvr6ggvaUl.jpg,top_rated,"Drama,Thriller,Mystery,Action",2003,Excellent,166,https://image.tmdb.org/t/p/w500/pWDtjs568ZfOTMbURQBYuT4Qxka.jpg,2025-12-29T10:41:50.536983
29259,Le Trou,Le Trou,"Four prison inmates have been hatching a plan to literally dig out of jail when another prisoner, Claude Gaspard, is moved into their cell. They take a risk and share their plan with the newcomer. Over the course of three days, the prisoners and friends break through the concrete floor using a bed post and begin to make their way through the sewer system – yet their escape is anything but assured.",1960-03-18,2.5671,8.239,537,"[18, 53, 80]",fr,False,/xyZhiOz5NHVBUKlpioxjwajy7pm.jpg,/f72GEQF2lKsdmEULSI9bWCbQylH.jpg,top_rated,"Drama,Thriller,Crime",1960,Excellent,234,https://image.tmdb.org/t/p/w500/xyZhiOz5NHVBUKlpioxjwajy7pm.jpg,2025-12-29T10:41:50.536983
447362,Life in a Year,Life in a Year,"A 17 year old finds out that his girlfriend is dying, so he sets out to give her an entire life, in the last year she has left.",2020-11-27,3.3647,8.24,1949,"[18, 10749]",en,False,/bP7u19opmHXYeTCUwGjlLldmUMc.jpg,/u6aGN71Hx39iX8Uv4ILRRKHmAXc.jpg,top_rated,"Drama,Romance",2020,Excellent,224,https://image.tmdb.org/t/p/w500/bP7u19opmHXYeTCUwGjlLldmUMc.jpg,2025-12-29T10:41:50.536983
630566,Clouds,Clouds,"Young musician Zach Sobiech discovers his cancer has spread, leaving him just a few months to live. With limited time, he follows his dream and makes an album, unaware that it will soon be a viral music phenomenon.",2020-10-09,3.1635,8.2,1039,"[10402, 18, 10749]",en,False,/d0OdD1I8qAfETvE9Rp9Voq7R8LR.jpg,/L7DIiAdP8DnNqOh7454ZrTYspR.jpg,top_rated,"Music,Drama,Romance",2020,Excellent,226,https://image.tmdb.org/t/p/w500/d0OdD1I8qAfETvE9Rp9Voq7R8LR.jpg,2025-12-29T10:41:50.536983
299534,Avengers: Endgame,Avengers: Endgame,"After the devastating events of Avengers: Infinity War, the universe is in ruins due to the efforts of the Mad Titan, Thanos. With the help of remaining allies, the Avengers must assemble once more in order to undo Thanos' actions and restore order to the universe once and for all, no matter what consequences may be in store.",2019-04-24,21.9837,8.2,27047,"[12, 878, 28]",en,False,/bR8ISy1O9XQxqiy0fQFw2BX72RQ.jpg,/9wXPKruA6bWYk2co5ix6fH59Qr8.jpg,top_rated,"Adventure,Science Fiction,Action",2019,Excellent,137,https://image.tmdb.org/t/p/w500/bR8ISy1O9XQxqiy0fQFw2BX72RQ.jpg,2025-12-29T10:41:50.536983
603,The Matrix,The Matrix,"Set in the 22nd century, The Matrix tells the story of a computer hacker who joins a group of underground insurgents fighting the vast and powerful computers who now rule the earth.",1999-03-31,23.6047,8.237,27138,"[28, 878]",en,False,/p96dm7sCMn4VYAStA6siNz30G1r.jpg,/tlm8UkiQsitc8rSuIAscQDCnP8d.jpg,top_rated,"Action,Science Fiction",1999,Excellent,133,https://image.tmdb.org/t/p/w500/p96dm7sCMn4VYAStA6siNz30G1r.jpg,2025-12-29T10:41:50.536983
299536,Avengers: Infinity War,Avengers: Infinity War,"As the Avengers and their allies have continued to protect the world from threats too large for any one hero to handle, a new danger has emerged from the cosmic shadows: Thanos. A despot of intergalactic infamy, his goal is to collect all six Infinity Stones, artifacts of unimaginable power, and use them to inflict his twisted will on all of reality. Everything the Avengers have fought for has led up to this moment - the fate of Earth and existence itself has never been more uncertain.",2018-04-25,28.128,8.235,31260,"[12, 28, 878]",en,False,/7WsyChQLEftFiDOVTGkv3hFpyyt.jpg,/mDfJG3LC3Dqb67AZ52x3Z0jU0uB.jpg,top_rated,"Adventure,Action,Science Fiction",2018,Excellent,117,https://image.tmdb.org/t/p/w500/7WsyChQLEftFiDOVTGkv3hFpyyt.jpg,2025-12-29T10:41:50.536983
568332,Taylor Swift: Reputation Stadium Tour,Taylor Swift: Reputation Stadium Tour,"Taylor Swift takes the stage in Dallas for the Reputation Stadium Tour and celebrates a monumental night of music, memories and visual magic.",2018-12-31,1.1014,8.233,417,[10402],en,False,/u6oXUTtOuJRPdUgUuPAVVJPSKCo.jpg,/4uMrZS7XEHRNKwHr5wSOxROanPF.jpg,top_rated,Music,2018,Excellent,240,https://image.tmdb.org/t/p/w500/u6oXUTtOuJRPdUgUuPAVVJPSKCo.jpg,2025-12-29T10:41:50.536983
508965,Klaus,Klaus,"A selfish postman and a reclusive toymaker form an unlikely friendship, delivering joy to a cold, dark town that desperately needs it.",2019-11-08,20.8217,8.227,4478,"[16, 10751, 12, 35, 14]",en,False,/q125RHUDgR4gjwh1QkfYuJLYkL.jpg,/mlxKite1x1PgmIhJgAxNS9eHmH8.jpg,top_rated,"Animation,Family,Adventure,Comedy,Fantasy",2019,Excellent,142,https://image.tmdb.org/t/p/w500/q125RHUDgR4gjwh1QkfYuJLYkL.jpg,2025-12-29T10:41:50.536983
490132,Green Book,Green Book,"Tony Lip, a bouncer in 1962, is hired to drive pianist Don Shirley on a tour through the Deep South in the days when African Americans, forced to find alternate accommodations and services due to segregation laws below the Mason-Dixon Line, relied on a guide called The Negro Motorist Green Book.",2018-11-16,12.9797,8.224,12453,"[18, 35, 36]",en,False,/7BsvSuDQuoqhWmU2fL7W2GOcZHU.jpg,/5En0fmDagt3Pk8d7P3uTwfeQceg.jpg,top_rated,"Drama,Comedy,History",2018,Excellent,170,https://image.tmdb.org/t/p/w500/7BsvSuDQuoqhWmU2fL7W2GOcZHU.jpg,2025-12-29T10:41:50.536983
24188,Il Sorpasso,Il sorpasso,"Roberto, a shy law student in Rome, meets Bruno, a forty-year-old exuberant, capricious man, who takes him for a drive through the Roman and Tuscany countries in the summer. When their journey starts to blend into their daily lives though, the pair’s newfound friendship is tested.",1962-12-05,5.6755,8.223,817,"[18, 35, 12]",it,False,/4h1ckrJQVcQYjeOkqS8i9BqZ9MI.jpg,/uUrV5KSjnZx47Dq7e6STr73iN4N.jpg,top_rated,"Drama,Comedy,Adventure",1962,Excellent,205,https://image.tmdb.org/t/p/w500/4h1ckrJQVcQYjeOkqS8i9BqZ9MI.jpg,2025-12-29T10:41:50.536983
527641,Five Feet Apart,Five Feet Apart,"Seventeen-year-old Stella spends most of her time in the hospital as a cystic fibrosis patient. Her life is full of routines, boundaries and self-control — all of which get put to the test when she meets Will, an impossibly charming teen who has the same illness. There's an instant flirtation, though restrictions dictate that they must maintain a safe distance between them. As their connection intensifies, so does the temptation to throw the rules out the window and embrace that attraction.",2019-03-14,5.3553,8.221,5831,"[10749, 18]",en,False,/kreTuJBkUjVWePRfhHZuYfhNE1T.jpg,/27ZkYMWynuK2qiDP6awc3MsCaOs.jpg,top_rated,"Romance,Drama",2019,Excellent,209,https://image.tmdb.org/t/p/w500/kreTuJBkUjVWePRfhHZuYfhNE1T.jpg,2025-12-29T10:41:50.536983
857,Saving Private Ryan,Saving Private Ryan,"As U.S. troops storm the beaches of Normandy, three brothers lie dead on the battlefield, with a fourth trapped behind enemy lines. Ranger captain John Miller and seven men are tasked with penetrating German-held territory and bringing the boy home.",1998-07-24,13.9298,8.221,16730,"[10752, 18, 36]",en,False,/uqx37cS8cpHg8U35f9U5IBlrCV3.jpg,/rW2xRFlJRbTnBJlQTSjQmjevIwb.jpg,top_rated,"War,Drama,History",1998,Excellent,164,https://image.tmdb.org/t/p/w500/uqx37cS8cpHg8U35f9U5IBlrCV3.jpg,2025-12-29T10:41:50.536983
1078605,Weapons,Weapons,"When all but one child from the same class mysteriously vanish on the same night at exactly the same time, a community is left questioning who or what is behind their disappearance.",2025-08-04,30.838,7.307,2583,"[27, 9648]",en,False,/cpf7vsRZ0MYRQcnLWteD5jK9ymT.jpg,/yKWZIDo4ixcDUeelk2QGVA1EVmC.jpg,trending,"Horror,Mystery",2025,Good,110,https://image.tmdb.org/t/p/w500/cpf7vsRZ0MYRQcnLWteD5jK9ymT.jpg,2025-12-29T10:41:50.536983
1124566,Sentimental Value,Affeksjonsverdi,"Sisters Nora and Agnes reunite with their estranged father, the charismatic Gustav, a once-renowned director who offers stage actress Nora a role in what he hopes will be his comeback film. When Nora turns it down, she soon discovers he has given her part to an eager young Hollywood star.",2025-08-20,25.3052,7.576,211,[18],no,False,/dNy7iCibnVTJuvosArcDEdbruBT.jpg,/vRoIogTQDO5yAmTmH5uGrlPfS0N.jpg,trending,Drama,2025,Excellent,128,https://image.tmdb.org/t/p/w500/dNy7iCibnVTJuvosArcDEdbruBT.jpg,2025-12-29T10:41:50.536983
1175174,Fackham Hall,Fackham Hall,"A new porter embarks on an unlikely relationship with the youngest daughter of a prominent English family. Simultaneously, rivalries are spilling over in the Davenport family, led by the Lord and Lady as they also weather the epic failure of the wedding of their eldest daughter to her caddish cousin.",2025-12-01,35.264,7.579,19,"[35, 36]",en,False,/fwpdRe6WGmzqXFEJYJVepDQ6jrw.jpg,/jlqan4iTqliIjIRivtqDDRJh2H5.jpg,trending,"Comedy,History",2025,Excellent,100,https://image.tmdb.org/t/p/w500/fwpdRe6WGmzqXFEJYJVepDQ6jrw.jpg,2025-12-29T10:41:50.536983
639988,No Other Choice,어쩔수가없다,"After being laid off and humiliated by a ruthless job market, a veteran paper mill manager descends into violence in a desperate bid to reclaim his dignity.",2025-09-24,32.4066,7.5,126,"[80, 53, 18]",ko,False,/vc2S0dvgpsM0XfSiXZDMVkRCSSU.jpg,/1ktHy4yBupG3JzYoFsQ8DFoqZh4.jpg,trending,"Crime,Thriller,Drama",2025,Good,108,https://image.tmdb.org/t/p/w500/vc2S0dvgpsM0XfSiXZDMVkRCSSU.jpg,2025-12-29T10:41:50.536983
1295400,The Last Viking,Den sidste viking,"After serving fourteen years for robbery, Anker is released from prison and reunites with his mentally ill brother Manfred, who alone knows where the stolen money is hidden but has forgotten its location, sending them on a journey to recover the loot and confront who they are.",2025-10-09,14.5142,6.8,32,"[35, 18, 80]",da,False,/3T5DW4tbdcmCJH45HzoJHVKc8b1.jpg,/zo1SfeASCrbHFaXJN9y1RW7uU2m.jpg,trending,"Comedy,Drama,Crime",2025,Good,162,https://image.tmdb.org/t/p/w500/3T5DW4tbdcmCJH45HzoJHVKc8b1.jpg,2025-12-29T10:41:50.536983
1233066,Manitou's Canoe,Das Kanu des Manitu,"Abahachi, the Apache chief, and his white blood brother Ranger fight tirelessly for peace and justice - but a new, up-and-coming gang is making life particularly difficult for them! They lure Abahachi and Ranger into a trap in order to get their hands on the legendary “Canoe of Manitou”.",2025-08-14,15.2648,6.875,104,"[35, 37]",de,False,/8d5Qnz2LGbu0kr7RCwdX8E55mYT.jpg,/6za18wAVGMr5VsEnDXeLfL4ujjW.jpg,trending,"Comedy,Western",2025,Good,156,https://image.tmdb.org/t/p/w500/8d5Qnz2LGbu0kr7RCwdX8E55mYT.jpg,2025-12-29T10:41:50.536983
858024,Hamnet,Hamnet,"The powerful story of love and loss that inspired the creation of Shakespeare's timeless masterpiece, Hamlet.",2025-11-26,12.7618,8.1,18,"[18, 10749]",en,False,/71KNp6RiOQTbs8Fn1DagrFQrZmx.jpg,/yt9m5CiU2MZkQoNl1kqLPODNR4t.jpg,trending,"Drama,Romance",2025,Excellent,173,https://image.tmdb.org/t/p/w500/71KNp6RiOQTbs8Fn1DagrFQrZmx.jpg,2025-12-29T10:41:50.536983
1456349,It Was Just an Accident,یک تصادف ساده,"Vahid, an Azerbaijani auto mechanic, was once imprisoned by Iranian authorities. During his sentence, he was interrogated blindfolded. One day, a man named Eqbal enters his workshop. His prosthetic leg creaks, and Vahid thinks he recognizes one of his former torturers.",2025-09-27,24.2123,7.173,223,"[18, 53, 80]",fa,False,/eNYGj2DG3n8OrVPTfYunpPW9uas.jpg,/zhoMwQofjgVec5Sin05hWECJtVQ.jpg,trending,"Drama,Thriller,Crime",2025,Good,132,https://image.tmdb.org/t/p/w500/eNYGj2DG3n8OrVPTfYunpPW9uas.jpg,2025-12-29T10:41:50.536983
1241983,Train Dreams,Train Dreams,A logger leads a life of quiet grace as he experiences love and loss during an era of monumental change in early 20th-century America.,2025-11-05,20.9332,7.289,357,[18],en,False,/l3zS4YnpOi4usyEXGJMtxSqDDyb.jpg,/gwohbraLtlTW7F9EAyxOckSBwf3.jpg,trending,Drama,2025,Good,141,https://image.tmdb.org/t/p/w500/l3zS4YnpOi4usyEXGJMtxSqDDyb.jpg,2025-12-29T10:41:50.536983
604079,The Long Walk,The Long Walk,"In a dystopian near-future America, fifty teenage boys take part in a deadly annual walking contest, forced to maintain a minimum pace or be executed, until only one survivor remains.",2025-09-10,27.157,6.917,962,"[878, 53, 27]",en,False,/wobVTa99eW0ht6c1rNNzLkazPtR.jpg,/pcJft6lFWsJxutwpLHVYfmZRPQp.jpg,trending,"Science Fiction,Thriller,Horror",2025,Good,121,https://image.tmdb.org/t/p/w500/wobVTa99eW0ht6c1rNNzLkazPtR.jpg,2025-12-29T10:41:50.536983
1368337,The Odyssey,The Odyssey,"Odysseus, the legendary Greek king of Ithaca, embarks on a long and perilous journey home following the Trojan War, chronicling his encounters with mythical beings such as the Cyclops Polyphemus, the Sirens, and the witch-goddess Circe, while attempting to reunite with his wife, Penelope.",2026-07-15,23.3432,0.0,0,"[12, 18, 14]",en,False,/pe5cCoX5iIb5IWKPsbPkCwjLFHt.jpg,/min3RDzQEykmPRF7ICyeNfwuvsc.jpg,trending,"Adventure,Drama,Fantasy",2026,,134,https://image.tmdb.org/t/p/w500/pe5cCoX5iIb5IWKPsbPkCwjLFHt.jpg,2025-12-29T10:41:50.536983
1242419,Roofman,Roofman,"A former Army Ranger and struggling father turns to robbing McDonald’s restaurants by cutting holes in their roofs, earning him the nickname 'Roofman'. After escaping prison, he secretly lives inside a Toys “R” Us for six months, surviving undetected while planning his next move. But when he falls for a divorced mom drawn to his undeniable charm, his double life begins to unravel, setting off a compelling and suspenseful game of cat and mouse as his past closes in.",2025-10-08,27.0551,7.221,348,"[80, 35, 18]",en,False,/wXDFtcnYtevleGzCmAD2ReQnJ4l.jpg,/2YOnE2qmoyyOUqQsFit12gDSauk.jpg,trending,"Crime,Comedy,Drama",2025,Good,122,https://image.tmdb.org/t/p/w500/wXDFtcnYtevleGzCmAD2ReQnJ4l.jpg,2025-12-29T10:41:50.536983
671,Harry Potter and the Philosopher's Stone,Harry Potter and the Philosopher's Stone,"Harry Potter has lived under the stairs at his aunt and uncle's house his whole life. But on his 11th birthday, he learns he's a powerful wizard—with a place waiting for him at the Hogwarts School of Witchcraft and Wizardry. As he learns to harness his newfound powers with the help of the school's kindly headmaster, Harry uncovers the truth about his parents' deaths—and about the villain who's to blame.",2001-11-16,34.2614,7.9,28946,"[12, 14]",en,False,/wuMc08IPKEatf9rnMNXvIDxqP4W.jpg,/bfh9Z3Ghz4FOJAfLOAhmc3ccnHU.jpg,trending,"Adventure,Fantasy",2001,Excellent,103,https://image.tmdb.org/t/p/w500/wuMc08IPKEatf9rnMNXvIDxqP4W.jpg,2025-12-29T10:41:50.536983
1003596,Avengers: Doomsday,Avengers: Doomsday,"The Avengers, Wakandans, Fantastic Four, Thunderbolts, and X-Men all fight against Doctor Doom. Plot TBA.",2026-12-16,33.2535,0.0,0,"[878, 28, 12]",en,False,/8HkIe2i4ScpCkcX9SzZ9IPasqWV.jpg,/h4Y3gOi9ne9vr8Vum9gUtcFI397.jpg,trending,"Science Fiction,Action,Adventure",2026,,106,https://image.tmdb.org/t/p/w500/8HkIe2i4ScpCkcX9SzZ9IPasqWV.jpg,2025-12-29T10:41:50.536983
1371185,Song Sung Blue,Song Sung Blue,"Based on a true story, two down-on-their-luck musicians form a joyous Neil Diamond tribute band, proving it's never too late to find love and follow your dreams.",2025-12-25,29.4166,7.0,6,"[18, 10402, 10749]",en,False,/3HsIAbHWbFDUbY2jfj4wqEjGC3b.jpg,/a6QAauAiQd1ddFi4MzlbEv3Cha9.jpg,trending,"Drama,Music,Romance",2025,Good,112,https://image.tmdb.org/t/p/w500/3HsIAbHWbFDUbY2jfj4wqEjGC3b.jpg,2025-12-29T10:41:50.536983
760329,The Smashing Machine,The Smashing Machine,"In the late 1990s, up-and-coming mixed martial artist Mark Kerr aspires to become the greatest fighter in the world. However, he must also battle his opioid dependence and a volatile relationship with his girlfriend Dawn.",2025-10-01,14.7052,6.574,323,"[36, 18]",en,False,/mPuBDGrVIBGOymBxR6rO3iIvBSe.jpg,/vfbryKoLrisx8Xh37OaTjTyrFY0.jpg,trending,"History,Drama",2025,Good,160,https://image.tmdb.org/t/p/w500/mPuBDGrVIBGOymBxR6rO3iIvBSe.jpg,2025-12-29T10:41:50.536983
11,Star Wars,Star Wars,Princess Leia is captured and held hostage by the evil Imperial forces in their effort to take over the galactic Empire. Venturesome Luke Skywalker and dashing captain Han Solo team together with the loveable robot duo R2-D2 and C-3PO to rescue the beautiful princess and restore peace and justice in the Empire.,1977-05-25,35.0825,8.202,21758,"[12, 28, 878]",en,False,/6FfCtAuVAW8XJjZ7eWeLibRLWTw.jpg,/2w4xG178RpB4MDAIfTkqAuSJzec.jpg,trending,"Adventure,Action,Science Fiction",1977,Excellent,101,https://image.tmdb.org/t/p/w500/6FfCtAuVAW8XJjZ7eWeLibRLWTw.jpg,2025-12-29T10:41:50.536983
840464,Greenland 2: Migration,Greenland 2: Migration,"Having found the safety of the Greenland bunker after the comet Clarke decimated the Earth, the Garrity family must now risk everything to embark on a perilous journey across the wasteland of Europe to find a new home.",2026-01-07,12.6773,0.0,0,"[12, 53, 878]",en,False,/z2tqCJLsw6uEJ8nJV8BsQXGa3dr.jpg,/gtKWn9l32PolrFwCuZQsujEAEoc.jpg,trending,"Adventure,Thriller,Science Fiction",2026,,174,https://image.tmdb.org/t/p/w500/z2tqCJLsw6uEJ8nJV8BsQXGa3dr.jpg,2025-12-29T10:41:50.536983
842924,The Life of Chuck,The Life of Chuck,"In this extraordinary story of an ordinary man, Charles 'Chuck' Krantz experiences the wonder of love, the heartbreak of loss, and the multitudes contained in all of us.",2025-06-05,10.7273,7.317,640,"[14, 18]",en,False,/oumprkO9bThExP8NwxBIBnvBu2v.jpg,/6e2yeFZgtD7RKpUYEOjj5v7oAUz.jpg,trending,"Fantasy,Drama",2025,Good,180,https://image.tmdb.org/t/p/w500/oumprkO9bThExP8NwxBIBnvBu2v.jpg,2025-12-29T10:41:50.536983
541671,Ballerina,Ballerina,"Taking place during the events of John Wick: Chapter 3 – Parabellum, Eve Macarro begins her training in the assassin traditions of the Ruska Roma.",2025-06-04,34.1763,7.305,2115,"[28, 53, 80]",en,False,/2VUmvqsHb6cEtdfscEA6fqqVzLg.jpg,/1yktYsxkmUtUFTUnCAUaqG6FEiz.jpg,trending,"Action,Thriller,Crime",2025,Good,104,https://image.tmdb.org/t/p/w500/2VUmvqsHb6cEtdfscEA6fqqVzLg.jpg,2025-12-29T10:41:50.536983
1100988,28 Years Later,28 Years Later,"Twenty-eight years since the rage virus escaped a biological weapons laboratory, now, still in a ruthlessly enforced quarantine, some have found ways to exist amidst the infected. One such group lives on a small island connected to the mainland by a single, heavily-defended causeway. When one member departs on a mission into the dark heart of the mainland, he discovers secrets, wonders, and horrors that have mutated not only the infected but other survivors as well.",2025-06-18,22.2351,6.652,1837,"[27, 53, 878]",en,False,/mIg1qCkVxnAlM2TK3RUF0tdEXlE.jpg,/wxxSyWPPgssnkO6FbCAVyntLLSr.jpg,trending,"Horror,Thriller,Science Fiction",2025,Good,136,https://image.tmdb.org/t/p/w500/mIg1qCkVxnAlM2TK3RUF0tdEXlE.jpg,2025-12-29T10:41:50.536983
1299655,Blue Moon,Blue Moon,"On the evening of March 31, 1943, legendary lyricist Lorenz Hart confronts his shattered self-confidence in Sardi’s bar as his former collaborator Richard Rodgers celebrates the opening night of his ground-breaking hit musical “Oklahoma!”.",2025-10-17,13.307,6.842,92,[18],en,False,/dVU7SNc6dgStTVdtbPLQncWxsyZ.jpg,/gdxYE9xSutccbpIBlyB4F7pl0gA.jpg,trending,Drama,2025,Good,168,https://image.tmdb.org/t/p/w500/dVU7SNc6dgStTVdtbPLQncWxsyZ.jpg,2025-12-29T10:41:50.536983
1272837,28 Years Later: The Bone Temple,28 Years Later: The Bone Temple,Dr. Kelson finds himself in a shocking new relationship - with consequences that could change the world as they know it - and Spike's encounter with Jimmy Crystal becomes a nightmare he can't escape.,2026-01-14,9.1429,0.0,0,"[27, 53, 878]",en,False,/j44XuLdsoSnlSuMgdKmcju4vM95.jpg,/dT1p0K1szMAUBuE2bibouDQdNb8.jpg,trending,"Horror,Thriller,Science Fiction",2026,,187,https://image.tmdb.org/t/p/w500/j44XuLdsoSnlSuMgdKmcju4vM95.jpg,2025-12-29T10:41:50.536983
771,Home Alone,Home Alone,"Eight-year-old Kevin McCallister makes the most of the situation after his family unwittingly leaves him behind when they go on Christmas vacation. When thieves try to break into his home, he puts up a fight like no other.",1990-11-16,6.2479,7.455,12137,"[35, 10751]",en,False,/i5We88HdO9Nsrv8xLyo4toNsLUM.jpg,/ih2xVgeMS8R5WUetYE8Mr9hVTlB.jpg,trending,"Comedy,Family",1990,Good,202,https://image.tmdb.org/t/p/w500/i5We88HdO9Nsrv8xLyo4toNsLUM.jpg,2025-12-29T10:41:50.536983
1516391,Cover-Up,Cover-Up,"For the past six decades, Seymour Hersh has been at the front lines of political journalism in the U.S. This arresting documentary, released at a crucial moment for the freedom of the press, tells the wide-ranging story of this breakthrough reporter.",2025-12-19,12.95,8.0,5,[99],en,False,/8FAxigDCzdlpoRcYrABeGiesqgQ.jpg,/e0z1lFuOLuQibEKtodWbUdI9jL5.jpg,trending,Documentary,2025,Excellent,171,https://image.tmdb.org/t/p/w500/8FAxigDCzdlpoRcYrABeGiesqgQ.jpg,2025-12-29T10:41:50.536983
1088166,Relay,Relay,A broker of lucrative payoffs between corrupt corporations and the individuals who threaten them breaks his own rules when a new client seeks his protection to stay alive.,2025-08-21,13.11,7.063,224,"[28, 18, 53]",en,False,/mpwccO2L8LUVtVTJTdgUVgoQqAo.jpg,/1ZnEOaOUj2e2Fq6Y7wo9KeH5rS6.jpg,trending,"Action,Drama,Thriller",2025,Good,169,https://image.tmdb.org/t/p/w500/mpwccO2L8LUVtVTJTdgUVgoQqAo.jpg,2025-12-29T10:41:50.536983
546554,Knives Out,Knives Out,"When renowned crime novelist Harlan Thrombey is found dead at his estate just after his 85th birthday, the inquisitive and debonair Detective Benoit Blanc is mysteriously enlisted to investigate. From Harlan's dysfunctional family to his devoted staff, Blanc sifts through a web of red herrings and self-serving lies to uncover the truth behind Harlan's untimely death.",2019-11-27,29.1309,7.845,13429,"[35, 80, 9648]",en,False,/pThyQovXQrw2m0s9x82twj48Jq4.jpg,/4HWAQu28e2yaWrtupFPGFkdNU7V.jpg,trending,"Comedy,Crime,Mystery",2019,Excellent,113,https://image.tmdb.org/t/p/w500/pThyQovXQrw2m0s9x82twj48Jq4.jpg,2025-12-29T10:41:50.536983
986056,Thunderbolts*,Thunderbolts*,"After finding themselves ensnared in a death trap, seven disillusioned castoffs must embark on a dangerous mission that will force them to confront the darkest corners of their pasts.",2025-04-30,25.5,7.312,3020,"[28, 878, 12]",en,False,/hqcexYHbiTBfDIdDWxrxPtVndBX.jpg,/wSdWEc1G3OUWg8HAzNLqOZ9Gd43.jpg,trending,"Action,Science Fiction,Adventure",2025,Good,127,https://image.tmdb.org/t/p/w500/hqcexYHbiTBfDIdDWxrxPtVndBX.jpg,2025-12-29T10:41:50.536983
1086260,The Astronaut,The Astronaut,"After returning from her first space mission, astronaut Sam Walker is placed under NASA’s care at a high security house for rehabilitation and medical testing. However, when disturbing occurrences begin happening around the property, she fears that something extraterrestrial has followed her back to Earth",2025-09-26,15.0332,5.8,115,"[878, 27, 53]",en,False,/souvvkJHYhztC1UqZ8lEVUiJa3J.jpg,/3C01kAcKGR6FwsUUSOvJ8N82pqr.jpg,trending,"Science Fiction,Horror,Thriller",2025,Average,157,https://image.tmdb.org/t/p/w500/souvvkJHYhztC1UqZ8lEVUiJa3J.jpg,2025-12-29T10:41:50.536983
527435,The Christmas Chronicles,The Christmas Chronicles,"Siblings Kate and Teddy try to prove Santa Claus is real, but when they accidentally cause his sleigh to crash, they have to save Christmas.",2025-12-10,21.6658,7.6,28,"[35, 12, 10751, 14]",en,False,/5Il2EMSF2KecrUKZPuen6BZmaCP.jpg,/vBOiZj6QVkybUEKmcCHYu2vcQPv.jpg,trending,"Comedy,Adventure,Family,Fantasy",2025,Excellent,138,https://image.tmdb.org/t/p/w500/5Il2EMSF2KecrUKZPuen6BZmaCP.jpg,2025-12-29T10:41:50.536983
1035259,The Naked Gun,The Naked Gun,"Only one man has the particular set of skills... to lead Police Squad and save the world: Lt. Frank Drebin Jr. Following in his father's footsteps, he must solve a murder case to prevent Police Squad from closure.",2025-07-30,27.8505,6.451,1230,"[28, 35, 80]",en,False,/rmwQ8GsdQ1M3LtemNWLErle2nBU.jpg,/1wi1hcbl6KYqARjdQ4qrBWZdiau.jpg,trending,"Action,Comedy,Crime",2025,Good,118,https://image.tmdb.org/t/p/w500/rmwQ8GsdQ1M3LtemNWLErle2nBU.jpg,2025-12-29T10:41:50.536983
1010756,The Strangers: Chapter 2,The Strangers: Chapter 2,"When The Strangers learn that one of their victims, Maya, is still alive, they return to finish what they’ve started.",2025-09-25,28.7219,5.989,176,"[27, 53]",en,False,/aEk9jLbiKTVssdATbrF879NvyyJ.jpg,/sSaUmM4bnZJ7PW5dlyRi7iONB65.jpg,trending,"Horror,Thriller",2025,Average,114,https://image.tmdb.org/t/p/w500/aEk9jLbiKTVssdATbrF879NvyyJ.jpg,2025-12-29T10:41:50.536983
1562010,Taylor Swift | The Eras Tour | The Final Show,Taylor Swift | The Eras Tour | The Final Show,"Filmed at the end of the tour in Vancouver, B.C., with the entire Tortured Poets Department set.",2025-12-11,6.3294,7.6,19,[10402],en,False,/c11km7kLK2F30fTNHP5Si9m8foG.jpg,/w4aTYTHpm97iTN1UGIC9kFZIuc7.jpg,trending,Music,2025,Excellent,201,https://image.tmdb.org/t/p/w500/c11km7kLK2F30fTNHP5Si9m8foG.jpg,2025-12-29T10:41:50.536983
1069905,Jay Kelly,Jay Kelly,"Famous movie actor Jay Kelly embarks on a journey of self-discovery, confronting both his past and present, accompanied by his devoted manager, Ron.",2025-11-14,14.6427,6.0,236,"[18, 35]",en,False,/bKLm1xS9DsODWB4i1SxTEvLXab9.jpg,/wR9D9hQvCVBux16NauY4b7letdU.jpg,trending,"Drama,Comedy",2025,Average,161,https://image.tmdb.org/t/p/w500/bKLm1xS9DsODWB4i1SxTEvLXab9.jpg,2025-12-29T10:41:50.536983
1315303,Primate,Primate,"Home from college, Lucy reunites with family including pet chimp Ben. Ben contracts rabies during a pool party and turns aggressive. Lucy and friends barricade in pool, devising ways to survive the vicious chimp.",2026-01-01,11.2516,0.0,0,[27],en,False,/z97hrgI5wbGbZvSVkBfAeBnFKAg.jpg,/xazotJbAZRlh5JYwBPXOzGgmD3l.jpg,trending,Horror,2026,,178,https://image.tmdb.org/t/p/w500/z97hrgI5wbGbZvSVkBfAeBnFKAg.jpg,2025-12-29T10:41:50.536983
672,Harry Potter and the Chamber of Secrets,Harry Potter and the Chamber of Secrets,"Cars fly, trees fight back, and a mysterious house-elf comes to warn Harry Potter at the start of his second year at Hogwarts. Adventure and danger await when bloody writing on a wall announces: The Chamber Of Secrets Has Been Opened. To save Hogwarts will require all of Harry, Ron and Hermione's magical abilities and courage.",2002-11-13,24.8705,7.705,23082,"[12, 14]",en,False,/sdEOH0992YZ0QSxgXNIGLq1ToUi.jpg,/7tbeoSTWW2cWPecjQo9fcdf0Hzv.jpg,trending,"Adventure,Fantasy",2002,Excellent,130,https://image.tmdb.org/t/p/w500/sdEOH0992YZ0QSxgXNIGLq1ToUi.jpg,2025-12-29T10:41:50.536983
1242011,Together,Together,"Years into their relationship, Tim and Millie find themselves at a crossroads as they move to the country, abandoning all that is familiar in their lives except each other. With tensions already flaring, a nightmarish encounter with a mysterious, unnatural force threatens to corrupt their lives, their love, and their flesh.",2025-07-28,19.4379,7.099,771,"[27, 10749]",en,False,/m52XidzKx94bKlToZfEXUnL3pdy.jpg,/fBlzTwgtbDYkDKlhnPu69jHfVGy.jpg,trending,"Horror,Romance",2025,Good,147,https://image.tmdb.org/t/p/w500/m52XidzKx94bKlToZfEXUnL3pdy.jpg,2025-12-29T10:41:50.536983
1354518,100 Nights of Hero,100 Nights of Hero,"When a charming house guest arrives at a remote castle, the delicate dynamic between a neglectful husband, his innocent bride Cherry and their devoted maid Hero is thrown into chaos.",2025-12-05,5.3925,5.6,5,"[14, 10749]",en,False,/7OYSJJFU2E9iBGPfU9C9PM56APM.jpg,/skmFqH67nh8zJacf7WcR204Kgvl.jpg,trending,"Fantasy,Romance",2025,Average,208,https://image.tmdb.org/t/p/w500/7OYSJJFU2E9iBGPfU9C9PM56APM.jpg,2025-12-29T10:41:50.536983
1400032,10DANCE,10DANCE,"Two dancers, opposites in all but their art, agree to train together for a competition. At first, they clash, but soon become drawn to each other.",2025-12-17,24.9207,7.1,48,"[10749, 18]",ja,False,/sLNy9Npu1YoK1ednpXUlUt9vCBj.jpg,/hsuT5b5EcDAVCY3Oe0Iyez2lTES.jpg,trending,"Romance,Drama",2025,Good,129,https://image.tmdb.org/t/p/w500/sLNy9Npu1YoK1ednpXUlUt9vCBj.jpg,2025-12-29T10:41:50.536983
1136867,Materialists,Materialists,"A young, ambitious New York City matchmaker finds herself torn between the perfect match and her imperfect ex.",2025-06-12,11.8877,6.5,939,"[10749, 18]",en,False,/zh4kaa2dGhVjojHulCWt3AR4b2l.jpg,/lqwwGkwJHtz9QgKtz4zeY19YgDg.jpg,trending,"Romance,Drama",2025,Good,177,https://image.tmdb.org/t/p/w500/zh4kaa2dGhVjojHulCWt3AR4b2l.jpg,2025-12-29T10:41:50.536983
106646,The Wolf of Wall Street,The Wolf of Wall Street,"A New York stockbroker refuses to cooperate in a large securities fraud case involving corruption on Wall Street, corporate banking world and mob infiltration. Based on Jordan Belfort's autobiography.",2013-12-25,21.5908,8.025,25295,"[80, 18, 35]",en,False,/kW9LmvYHAaS9iA0tHmZVq8hQYoq.jpg,/7Nwnmyzrtd0FkcRyPqmdzTPppQa.jpg,trending,"Crime,Drama,Comedy",2013,Excellent,139,https://image.tmdb.org/t/p/w500/kW9LmvYHAaS9iA0tHmZVq8hQYoq.jpg,2025-12-29T10:41:50.536983
402431,Wicked,Wicked,"In the land of Oz, ostracized and misunderstood green-skinned Elphaba is forced to share a room with the popular aristocrat Glinda at Shiz University, and the two's unlikely friendship is tested as they begin to fulfill their respective destinies as Glinda the Good and the Wicked Witch of the West.",2024-10-16,25.9633,6.937,2734,"[18, 10749, 14]",en,False,/xDGbZ0JJ3mYaGKy4Nzd9Kph6M9L.jpg,/w22GVYotTIVC1dUd58mRhwPqiS.jpg,trending,"Drama,Romance,Fantasy",2024,Good,126,https://image.tmdb.org/t/p/w500/xDGbZ0JJ3mYaGKy4Nzd9Kph6M9L.jpg,2025-12-29T10:41:50.536983
1175942,The Bad Guys 2,The Bad Guys 2,"The now-reformed Bad Guys are trying (very, very hard) to be good, but instead find themselves hijacked into a high-stakes, globe-trotting heist, masterminded by a new team of criminals they never saw coming: The Bad Girls.",2025-07-24,27.2512,7.721,587,"[10751, 35, 80, 12, 16]",en,False,/c1msaKf1wyuKcmLjjJd6rIBPFcd.jpg,/lB96EMr5A7Og81UhyldJvvy35r.jpg,trending,"Family,Comedy,Crime,Adventure,Animation",2025,Excellent,119,https://image.tmdb.org/t/p/w500/c1msaKf1wyuKcmLjjJd6rIBPFcd.jpg,2025-12-29T10:41:50.536983
1214130,Stitch Head,Stitch Head,"Stitch Head was the first creature brought to 'almost life' by mad professor Erasmus. In the years since, he’s become nursemaid to the master’s ever-growing menagerie of neglected creatures, tasked with teaching them to suppress their 'inner monster' and hide out in the castle — away from prying eyes and itchy pitchfork fingers, of the village mob in the valley below. But when grubby circus impresario Fulbert Freakfinder arrives offering Stitch Head a starring role in his freak show, our hero is tempted by the promise of love and acceptance.",2025-10-16,12.592,7.0,21,"[16, 12, 10751, 35]",en,False,/p0ZOIaQ8oLEGmQVrYcmvIOUuSqs.jpg,/zIFFlcvilrrbUlveEbIsFAtUfGT.jpg,trending,"Animation,Adventure,Family,Comedy",2025,Good,175,https://image.tmdb.org/t/p/w500/p0ZOIaQ8oLEGmQVrYcmvIOUuSqs.jpg,2025-12-29T10:41:50.536983
986097,HIM,HIM,"After suffering a potentially career-ending brain trauma, Cameron Cade receives a lifeline when his hero, legendary eight-time Championship quarterback and cultural megastar Isaiah White, offers to train Cam at Isaiah's isolated compound that he shares with his celebrity influencer wife. But as Cam's training accelerates, Isaiah's charisma begins to curdle into something darker.",2025-09-18,15.9675,5.82,266,"[27, 9648]",en,False,/qPJzcYR2f1O1uynYBCVPPJuOiAH.jpg,/jzzpCJWkVZZwAxzzLmtYN0MBWFd.jpg,trending,"Horror,Mystery",2025,Average,155,https://image.tmdb.org/t/p/w500/qPJzcYR2f1O1uynYBCVPPJuOiAH.jpg,2025-12-29T10:41:50.536983
840326,Sisu,Sisu,"When an ex-soldier who discovers gold in the Lapland wilderness tries to take the loot into the city, German soldiers led by a brutal SS officer battle him.",2022-09-09,28.4212,7.417,2601,"[28, 10752]",fi,False,/ygO9lowFMXWymATCrhoQXd6gCEh.jpg,/pBdQ4iorzRV2G38mdS6rzrmUfMA.jpg,trending,"Action,War",2022,Good,116,https://image.tmdb.org/t/p/w500/ygO9lowFMXWymATCrhoQXd6gCEh.jpg,2025-12-29T10:41:50.536983
